Date,Local,System
2022-04-01,10148.356593285032,322.18936454996
2022-04-02,9632.52882354626,12954.765747553902
2022-04-03,9461.517373706334,7757.706849948539
2022-04-04,13201.477740449898,69.87086171666667
2022-04-05,16189.953263515008,7090.779963276203
2022-04-06,13381.036666584789,122.24793263229608
2022-04-07,8338.24517258949,8.553785215
2022-04-08,4316.410355432145,14.360949233333502
2022-04-09,38225.58106978229,92.971945531531
2022-04-10,33885.84410476721,2188.9823009227885
2022-04-11,9266.844679439388,41.42723607695053
2022-04-12,42639.57961170799,134.0787986155384
2022-04-13,31569.607872154746,1768.913643004398
2022-04-14,24774.40275261599,25.670128686666665
2022-04-15,29602.96143904045,17.569578560256016
2022-04-16,27161.15697809975,1751.4578739558067
2022-04-17,39963.23233290864,1678.2463468502142
2022-04-18,15735.1259589512,17.838789680834083
2022-04-19,11725.970080270814,7.463643013333333
2022-04-20,20471.629044227248,133.36216776105564
2022-04-21,17991.130005951298,12.377926278333334
2022-04-22,9580.657438324695,38.25667284224774
2022-04-23,9345.77219582271,21874.135867548313
2022-04-24,11959.218576951667,7.6399738825
2022-04-25,5210.67921992929,12.0783352808337
2022-04-26,4414.501468376705,1001.0275251664624
2022-04-27,12541.203090449451,2122.933555045783
2022-04-28,20057.07875476703,5754.361923398855
2022-04-29,11959.111322928831,60.65651616702718
2022-04-30,8533.845201182077,7808.6247178551375
2022-05-01,27885.76038190383,16898.581963654044
2022-05-02,14248.182963651048,1099.5213287582196
2022-05-03,13159.74442908094,144.7555797830025
2022-05-04,6488.262471944798,7.120833879166666
2022-05-05,6386.307573789459,18.437810589166673
2022-05-06,9436.17362655813,87.20552670444059
2022-05-07,14031.503507388212,15006.80199029846
2022-05-08,28432.557451172204,2721.562459699319
2022-05-09,24242.173556392747,11061.26634948085
2022-05-10,15819.15084236507,2323.3218734760685
2022-05-11,40332.97902109967,103.42603341163247
2022-05-12,20788.27210550775,100.621499315
2022-05-13,6534.7777061298475,21.634036934999997
2022-05-14,5610.145024483277,99.76838272473816
2022-05-15,3888.1844504610126,175.01499765008367
2022-05-16,4286.490632528088,84.82326840315064
2022-05-17,7304.915147880963,159.77665530367847
2022-05-18,4486.495512767267,39.15123554073387
2022-05-19,13553.902302548406,30.08715821293679
2022-05-20,7488.62600722878,378.8588045579179
2022-05-21,6951.220629058916,271.49541535506364
2022-05-22,18997.22794928579,1376.4124169318468
2022-05-23,7062.486210616975,14.290833946666664
2022-05-24,2108.9652507586793,2.408389050833333
2022-05-25,4250.610485099434,111.5129842063693
2022-05-26,3427.622593846557,6.378211156666666
2022-05-27,2227.825139118535,1930.631117610096
2022-05-28,3851.6862808496767,9692.912752793383
2022-05-29,5934.082414161019,50739.35673327069
2022-05-30,13806.527271693609,18317.686965751323
2022-05-31,5354.275905728396,294.98060932485566
2022-06-01,2445.2656009255875,54.78378916052861
2022-06-02,1190.9909971123848,79.10332035231843
2022-06-03,1350.7544065708987,524.2803754583688
2022-06-04,10041.552967824944,3540.0140651795086
2022-06-05,5982.882823589177,9919.437374681926
2022-06-06,1901.785748251082,1242.7216192416683
2022-06-07,910.3547772291748,470.6331743173956
2022-06-08,952.4111379751848,130.62533298663465
2022-06-09,742.5993856628054,32.00919070166683
2022-06-10,1318.843602240634,23.748215189448693
2022-06-11,1788.6468722877917,72.41692248398833
2022-06-12,1636.7340874251042,902.8351677486544
2022-06-13,1079.2342922716814,13011.20852369252
2022-06-14,3900.05351181119,18136.86379599675
2022-06-15,1729.8795361654866,49.057377803126144
2022-06-16,2099.1912118564974,251.89643489135193
2022-06-17,1263.78276157432,1583.311818130874
2022-06-18,1853.4391291501693,41047.518627778016
2022-06-19,5377.545519775731,42428.47187859631
2022-06-20,7076.1067310821345,267.11155493333166
2022-06-21,1227.1468473399589,215.34964560525688
2022-06-22,1060.8933403950923,64.52032676
2022-06-23,985.255403783434,274.90445626541265
2022-06-24,840.4493027624677,355.2341375161611
2022-06-25,1165.5712512791813,86.56327914620952
2022-06-26,1421.6339091759216,204.8361089186108
2022-06-27,975.7774954664887,108.64803908166708
2022-06-28,915.398058806796,252.82145351924456
2022-06-29,893.821903777273,338.41157869395965
2022-06-30,1914.1303767769512,292.6681352275848
2022-07-01,1004.7407264680736,101.35981710791698
2022-07-02,2096.653809792045,273.3229773810776
2022-07-03,27759.896974862273,5456.584413294648
2022-07-04,21162.500915047753,1021.2324597191322
2022-07-05,2973.897787053301,405.9840234495617
2022-07-06,1588.2958724120274,442.7971894369967
2022-07-07,1385.3281829056143,293.9876813768281
2022-07-08,1169.1517128049654,255.32280648144717
2022-07-09,1390.0150894727092,260.4324064726844
2022-07-10,1330.1638264067535,116.20352162700708
2022-07-11,1517.0946316510344,28.70886087427682
2022-07-12,1146.1482523014477,41.83650879177939
2022-07-13,1598.9478670126523,8.445328062286674
2022-07-14,1408.4492516909954,21.022024051966294
2022-07-15,1603.120167430186,152.8001988487058
2022-07-16,2339.4898938708116,23.114796287450716
2022-07-17,2078.82715809759,84.1419118091681
2022-07-18,452.2707418961645,50.64305451833348
2022-07-19,1276.13628769229,344.8089411206917
2022-07-20,955.4669261172418,39.74781332220591
2022-07-21,988.6180538873296,412.7248209428351
2022-07-22,1446.371368558582,191.91724750083316
2022-07-23,1005.3192069818482,13.2205102775
2022-07-24,1342.048708863547,40.9623976481236
2022-07-25,1803.0713894284256,66.93210837425019
2022-07-26,1037.7485760967418,8.036157757181236
2022-07-27,1331.1536949260253,74.88755500573804
2022-07-28,1055.7273711213431,128.07934898958231
2022-07-29,647.580025857789,180.548784105
2022-07-30,331.0127049411611,36.59997567666666
2022-07-31,695.0204178109847,3.747366158333333
2022-08-01,402.1645574399156,23.542109974166745
2022-08-02,1312.7576478922635,113.40383260133228
2022-08-03,627.1821203374216,112.09657402649935
2022-08-04,425.16190221192016,5.668149259999999
2022-08-05,239.1109232360203,120.14254389562208
2022-08-06,801.1054941581435,331.41994352716955
2022-08-07,1125.941056177426,210.4814620373096
2022-08-08,705.8428999624779,80.80954554862598
2022-08-09,770.030183369544,43.645597710000075
2022-08-10,760.6105723152176,94.4814646670169
2022-08-11,917.1785299776934,127.52161114497616
2022-08-12,960.5891472801462,240.2324058037087
2022-08-13,869.9485153216641,80.60609694699995
2022-08-14,1349.3152333752344,17.526406696107067
2022-08-15,1616.8341669650422,40.183510852322485
2022-08-16,2713.3344583132807,21.70212197833333
2022-08-17,482.02031635641794,22.498581659636056
2022-08-18,849.7534033882592,7.2698664533333295
2022-08-19,726.4678055582975,90.8210889108332
2022-08-20,1249.2107664915816,46.95458725235092
2022-08-21,1428.879594795992,5.779056892500001
2022-08-22,2126.8617084943708,20.723439354166665
2022-08-23,735.6842044371081,28.951751445
2022-08-24,405.8206016771288,34.97219866666666
2022-08-25,444.96474596043527,23.835295395739266
2022-08-26,846.9112235311107,49.79146855566671
2022-08-27,1763.409017549201,148.324969796453
2022-08-28,2266.4121891649183,47.83442051878901
2022-08-29,1134.6439753985178,86.26129596400098
2022-08-30,1037.597478304825,94.0901456144997
2022-08-31,889.1623230084039,55.707510620000015
2022-09-01,6614.713309372672,28.28219642
2022-09-02,781.7683431085106,16.63177160583333
2022-09-03,1426.8214518644388,164.1327058264425
2022-09-04,926.3400573735776,22.65560537833333
2022-09-05,983.8595759294806,9.122423736666669
2022-09-06,2377.4184613267475,42.28039750500895
2022-09-07,1273.2372504500102,43.3768697333107
2022-09-08,1009.3313509110516,346.94834865416664
2022-09-09,274.73340492391736,68.2708792075
2022-09-10,259.0971219665547,169.62525739483317
2022-09-11,368.27185006686534,68.38612907046777
2022-09-12,433.85387772663535,78.65164582513468
2022-09-13,610.7566102947403,140.5727007466538
2022-09-14,1244.3674163492567,206.35724233666707
2022-09-15,5434.554943514047,40.48332849250008
2022-09-16,3604.27047057367,79.8340487062751
2022-09-17,10422.733051035648,101.43998816738998
2022-09-18,5599.150257393914,10.833689001748125
2022-09-19,115.86643186397968,43.85966808463068
2022-09-20,668.1553996999606,21.800115810833333
2022-09-21,3177.7736077473623,38.718165550686834
2022-09-22,1322.2468245582145,705.477986731342
2022-09-23,1131.559077012513,56.68397783772092
2022-09-24,1718.035646797464,96.44585547614348
2022-09-25,1119.283994812471,13.960720532276063
2022-09-26,685.7919251666261,209.87961450308376
2022-09-27,1279.4801311983797,30.88413320083333
2022-09-28,919.0323846076028,134.739845975
2022-09-29,1074.0901797682657,62.562322715833325
2022-09-30,1366.145233755056,245.83698212666675
2022-10-01,1502.27621636485,50.90291846297563
2022-10-02,1824.7608801771291,9.901162279999998
2022-10-03,1605.1093741825327,19.136944156666665
2022-10-04,3068.5561627067455,0.5384092266666667
2022-10-05,2271.9767132266807,18.5077532025
2022-10-06,902.1579049830326,62.963809639999994
2022-10-07,2543.396841867588,8.442044930833333
2022-10-08,1714.302383441061,25.934221734166663
2022-10-09,1408.528628301871,17.237914608333334
2022-10-10,822.9001947586938,33.200820691666664
2022-10-11,3287.340303921884,133.494146305
2022-10-12,810.481005162558,0.0
2022-10-13,1324.4454142739398,0.6724999741666666
2022-10-14,743.1747690346705,10.329077217499998
2022-10-15,1076.6215223636725,12.512000854853332
2022-10-16,2689.643636890787,4.9908332799999995
2022-10-17,2374.1208017945937,2.6274998983333333
2022-10-18,1079.473446389044,2.4999464375000007
2022-10-19,1869.6674099659149,5.558188168333036
2022-10-20,396.6002922262847,60.715355010209805
2022-10-21,1495.9280648078502,22.95266571649977
2022-10-22,6429.36842417421,4.513332093333334
2022-10-23,22551.436655285434,7.642150407333332
2022-10-24,9909.569446166755,7.558017363333333
2022-10-25,6129.4082010782095,6.910705659166665
2022-10-26,11486.82474635219,19.300925237135424
2022-10-27,4374.436635251331,7.448999789999999
2022-10-28,360.8463112134696,1.5726884124999991
2022-10-29,2026.9088870784076,13.430655839166668
2022-10-30,651.158554594733,129.87169715478228
2022-10-31,42.91797879259243,40.8669557919574
2022-11-01,195.20277817708595,11.123637495833332
2022-11-02,1158.3101797527115,18.2236251425
2022-11-03,3136.4201229340324,13.563099736666668
2022-11-04,2250.340117021161,61.4418965325
2022-11-05,17870.284566685346,19.568519124166663
2022-11-06,13456.818840144786,10.705331976666669
2022-11-07,40.71718049777535,71.33616462749963
2022-11-08,11.994577667580606,63.3048609623621
2022-11-09,6811.599817692302,40.99676866192727
2022-11-10,373.4025511518417,52.847269395000666
2022-11-11,598.6879742341337,46.999757556164504
2022-11-12,1744.7589672072122,16.390913033333334
2022-11-13,5849.636535147929,6.564400926666665
2022-11-14,194.94551636781915,6.268333435
2022-11-15,130.38549759580886,8.055538919166667
2022-11-16,1503.649200279256,6.372250916666666
2022-11-17,492.18162074786215,6.759101753333334
2022-11-18,40.908784263633855,41.56709038672172
2022-11-19,2676.1628504538617,17.97999963
2022-11-20,2358.4963156741333,3.99077186
2022-11-21,47.0579780287851,14.0302444025
2022-11-22,1022.7586955888112,11.318216389999998
2022-11-23,2968.324663508146,11.578349479166668
2022-11-24,3477.287465837293,2.346822560000001
2022-11-25,75.09845444230312,27.980154740000817
2022-11-26,869.192429705368,8.077077964166666
2022-11-27,957.6413920208528,60.91898444269057
2022-11-28,3827.9530334369674,27.418419456828296
2022-11-29,1062.0480581994102,2.048333485833333
2022-11-30,54.34436354889067,28.951487100833333
2022-12-01,39.76206143174103,0.0
2022-12-02,6.20967686650097,33.037903299166665
2022-12-03,20.513564022630824,6.062330246666608
2022-12-04,51.63894483214152,62.22040540666645
2022-12-05,3056.326919164677,4.320603239166676
2022-12-06,272.05677291606423,190.30155973555287
2022-12-07,1484.8914878659048,8.171728550833334
2022-12-08,82.42375698577305,10.426144916666663
2022-12-09,818.265596619109,0.1872888508333333
2022-12-10,120.99221473991878,5.945540955833333
2022-12-11,100.31545165791704,143.07572056887517
2022-12-12,14.476064713551771,9.649641514999969
2022-12-13,207.2863987180543,3.047266814485693
2022-12-14,50.516004166311376,66.93583419926516
2022-12-15,14.638991493316142,56.23490480583333
2022-12-16,464.4449464304142,1.3777346858333333
2022-12-17,71.04922334364666,44.06120342079221
2022-12-18,145.23686749443405,1.037448815
2022-12-19,366.2389195598308,14.594166279166666
2022-12-20,30.908635517296855,39.5540068175
2022-12-21,155.19132864347972,2.3900000949999995
2022-12-22,75.76705879833298,3.648231826666666
2022-12-23,46.00637986290838,38.80257474227648
2022-12-24,1683.5971530089823,8.687236335833335
2022-12-25,5403.406341638567,2.1825444799999993
2022-12-26,54.37034528300932,4.460632620833333
2022-12-27,0.3600000091666666,4.335383074999999
2022-12-28,199.5892752536849,523.3131773901196
2022-12-29,11.108569016666324,14.282975206666
2022-12-30,118.04342828746576,74.14383347500075
2022-12-31,8.449151557499999,37.47913574333406
2023-01-01,4.904074324671566,23.893211257916757
2023-01-02,43.17749961333333,44.65012621666666
2023-01-03,83.43213389149345,142.1205430538252
2023-01-04,850.7220140769234,2.8735306683333333
2023-01-05,13.90938427233144,19.342442230724995
2023-01-06,649.5122736966683,254.656838479845
2023-01-07,178.8231378589573,65.69404467857606
2023-01-08,981.834373347941,118.4995330106698
2023-01-09,0.0,17.04944021841523
2023-01-10,73.76436311053708,137.29068918044962
2023-01-11,14.603065263511915,29.57308521541864
2023-01-12,79.88876916545263,137.37127570687483
2023-01-13,146.19544224003556,27.748610266309655
2023-01-14,5.14797231454374,1.4016665775
2023-01-15,0.0,0.9216664633333332
2023-01-16,61.88592405676534,43.03408843833341
2023-01-17,924.8896697869856,28.366932009166664
2023-01-18,3997.7606978281897,29.09817364724869
2023-01-19,616.1075529037648,48.20113708916621
2023-01-20,3432.60968256325,46.6785092875
2023-01-21,10340.930912074627,37.63284993166659
2023-01-22,3401.8094612142186,3.494245610000001
2023-01-23,1367.4812897839354,102.98617777583333
2023-01-24,2163.7368600003024,24.545333944166664
2023-01-25,2417.352899928805,96.529705547107
2023-01-26,702.4239674040481,787.1152073266318
2023-01-27,2644.271439006893,988.6770301842672
2023-01-28,8688.49851600367,323.15483042941514
2023-01-29,2447.1777248913904,224.04576238119097
2023-01-30,494.9047158864272,11.773283060833332
2023-01-31,2515.9701348697868,35.472831839166744
2023-02-01,3045.8395982342836,162.1086426425
2023-02-02,2080.7865988638137,20.002245559166667
2023-02-03,49.54409480662028,24.4074999675
2023-02-04,10918.525803169015,38.637182895925584
2023-02-05,23189.308774148652,22.217901237172537
2023-02-06,8430.215682339927,487.7281737782315
2023-02-07,3953.505883606026,72.73582684696062
2023-02-08,2878.777869390816,229.46434445504096
2023-02-09,2418.551327333904,236.3086810212991
2023-02-10,467.5580635744658,48.19602016734069
2023-02-11,4398.888386485354,215.2144142308333
2023-02-12,674.696172431888,6.114098034166668
2023-02-13,2544.802173696949,2282.146617798457
2023-02-14,2126.6286976940755,84.42749870208246
2023-02-15,6007.823623125083,4.845966691999718
2023-02-16,6160.159290740483,31.169319133333016
2023-02-17,748.198305600663,2313.9803762699357
2023-02-18,9020.16661003054,109.03148999425576
2023-02-19,10932.887301145409,11709.954424970683
2023-02-20,9289.89236664936,130.5510787532035
2023-02-21,11553.770322781937,327.13915037972447
2023-02-22,6366.724085942405,116.52322766598124
2023-02-23,3085.215369218476,3.5666669208333333
2023-02-24,4264.1545405904235,29.800521058333334
2023-02-25,2256.0184962652843,0.9535794358333334
2023-02-26,19722.93693580204,14.717328660833331
2023-02-27,15289.524298852257,16.445775864166663
2023-02-28,13352.004685763102,3.861832596666667
2023-03-01,935.8257128970852,30.787819613333333
2023-03-02,7380.253111034915,871.6033660141542
2023-03-03,15785.724921297891,300.49639696747664
2023-03-04,15823.9936370442,390.3450569266502
2023-03-05,10037.512408203462,110.58143271666668
2023-03-06,12015.49165861144,15.812857879166666
2023-03-07,23157.558436285864,41.42998561416667
2023-03-08,17039.893163688284,19.479063135
2023-03-09,18115.78985886761,1.8000934525
2023-03-10,2166.182895964172,172.43791042083333
2023-03-11,2548.4385275490167,39.98969165916667
2023-03-12,26144.149188737585,40.388096247499995
2023-03-13,14474.821117551151,69.24747637229787
2023-03-14,651.3608378719522,0.0
2023-03-15,4648.011670131518,3218.373632063322
2023-03-16,13430.512933947675,2634.007944493559
2023-03-17,41207.42826453836,101.2804969322293
2023-03-18,41587.68757650446,109.025432504618
2023-03-19,3559.945217503863,14.419015241666647
2023-03-20,4745.723817189428,7177.785306175204
2023-03-21,924.9258040439904,1007.4538240523424
2023-03-22,8714.676490596372,1123.1851983585411
2023-03-23,8914.283215994468,4276.644640684417
2023-03-24,7286.420116172735,42985.40588190545
2023-03-25,8757.79723479657,53011.73185187037
2023-03-26,7089.273685662176,50315.56270942409
2023-03-27,13671.285951420035,20434.615219789877
2023-03-28,14219.214138419897,21.455882245833333
2023-03-29,4409.155439284647,10.054313277777748
2023-03-30,20148.121958691456,0.0
2023-03-31,48041.03224823056,0.0
2023-04-01,17250.81829763029,46501.25911370076
2023-04-02,69856.50120844378,6028.710288590115
2023-04-03,22646.686483169902,2576.5861518316783
2023-04-04,55161.16652883049,182.4205411023173
2023-04-05,44342.41398274755,332.7288168505575
2023-04-06,40140.57650422835,5.457704007131067
2023-04-07,18490.678203025476,774.5638950643263
2023-04-08,27732.134766433723,2153.120752194517
2023-04-09,29120.40872607305,5.595833142499999
2023-04-10,6916.237981677324,9.869999885833334
2023-04-11,6261.571951543293,2193.0562244420194
2023-04-12,6531.925694230476,33.735122060636506
2023-04-13,19973.216282413458,2154.819890219129
2023-04-14,14076.947693591144,124.3364379848722
2023-04-15,11751.750038648444,20275.394551660334
2023-04-16,11978.76204545417,5139.198838505502
2023-04-17,15939.111706866452,149.02811044473958
2023-04-18,21195.24573855376,1682.463258159258
2023-04-19,16002.111700092306,38342.80926640189
2023-04-20,12687.963838719836,4.809066184166666
2023-04-21,7762.883115935096,1406.6608087998532
2023-04-22,13884.117385762936,1410.026187587729
2023-04-23,23955.453947162292,3.3808333241666664
2023-04-24,8984.05070502029,42.22504171105238
2023-04-25,8557.617499639386,5.359355749166664
2023-04-26,5091.800405119235,0.0
2023-04-27,6057.86007096414,2.3250008025
2023-04-28,6540.071067573,56.40036915
2023-04-29,5327.436370305423,26.129072144166667
2023-04-30,6647.812933944128,10395.442378075566
2023-05-01,4327.458108392998,53.95643946733427
2023-05-02,3267.5202664402723,776.9676768903322
2023-05-03,4343.962730795496,550.2830841080615
2023-05-04,7520.591560203706,794.9839352671972
2023-05-05,8854.877757670361,9264.746144818151
2023-05-06,16498.492351930196,29201.40626735527
2023-05-07,3471.2065981831097,65763.60073208086
2023-05-08,17027.66567705975,1570.4816508095278
2023-05-09,2099.5189716858845,6020.02795054338
2023-05-10,26382.027489669596,21729.32605237449
2023-05-11,16582.9629156661,3859.375813774853
2023-05-12,3557.978773629324,1456.5467600120603
2023-05-13,5515.266195084423,7739.39062214036
2023-05-14,3003.9787978983773,9292.602555778774
2023-05-15,1842.78420152783,339.0754674105056
2023-05-16,1418.722300108029,147.79447124011753
2023-05-17,2228.1283591342826,101.87028381502732
2023-05-18,1794.8443401487102,109.3858870360162
2023-05-19,1603.4411730358363,169.28856574398804
2023-05-20,1517.2085943561808,166.1498650204279
2023-05-21,1418.2710349886595,2159.6157950884053
2023-05-22,1485.9329762605976,45.20470391137713
2023-05-23,1947.710780061484,78.45828595131478
2023-05-24,4431.233654144587,1500.140608148468
2023-05-25,5197.282342600195,1417.3792866485635
2023-05-26,17530.223315819043,1239.5299638524891
2023-05-27,10301.71596894714,9527.45426283952
2023-05-28,5476.809531157704,3265.183113384927
2023-05-29,3031.695932720565,1126.017737742908
2023-05-30,2933.5098324638006,53.91651040350968
2023-05-31,11730.3419780745,1978.539006499606
2023-06-01,5579.524727640193,762.8399649564738
2023-06-02,3876.553457309136,756.6568912250892
2023-06-03,3903.289293227752,8.277267265552986
2023-06-04,3404.640394058613,3.477299167169633
2023-06-05,5301.656765866491,7.559851628333335
2023-06-06,14532.744395540602,22.703023885198167
2023-06-07,6806.368653999021,61.73771626916666
2023-06-08,2669.25817840491,5.33767533
2023-06-09,2587.2043926324973,317.92149516416697
2023-06-10,952.5839381978144,11.757624715
2023-06-11,6021.20140433536,2162.007718539816
2023-06-12,5630.171047383535,60.95944007833333
2023-06-13,2135.7212701279705,1189.5753908872475
2023-06-14,1427.1271985224294,2511.9187126932457
2023-06-15,2574.786764305213,70.49948490471411
2023-06-16,1815.9246923030248,82.34348278333333
2023-06-17,4117.961608280891,1619.1182691306904
2023-06-18,24417.440635797273,9181.559531878416
2023-06-19,10241.347947181946,9616.62695218611
2023-06-20,18012.342297661464,378.55477694459535
2023-06-21,11634.940410534422,29.42772896416665
2023-06-22,3769.554133463621,114.94937174083331
2023-06-23,7839.526443357776,125.75597188978172
2023-06-24,3559.908152909529,186.95073581735076
2023-06-25,18413.09506875971,78.46213765806952
2023-06-26,1696.9621307204932,87.75179615007076
2023-06-27,2809.235778710097,199.2821625075
2023-06-28,3756.196557286486,27.45266370098856
2023-06-29,3307.220945624654,86.53095301916656
2023-06-30,1311.5704714397018,112.4862510725
2023-07-01,1947.756120331351,278.73104539830075
2023-07-02,2072.5042186780447,56.54257778750008
2023-07-03,1223.1907498226951,21.161619237499657
2023-07-04,5163.06367004091,142.95201978288597
2023-07-05,1539.6210007145255,114.30847285781502
2023-07-06,2199.950452405645,181.76774966583332
2023-07-07,3145.3395415265154,22.27173467833299
2023-07-08,2282.7309982774104,18.670488171666666
2023-07-09,2579.1801295422183,173.7772622364421
2023-07-10,1754.3705693550507,320.94235828610914
2023-07-11,1168.602426559712,84.05596620905001
2023-07-12,1453.9797665577062,6.249166647499999
2023-07-13,2059.101235468274,68.27155463583333
2023-07-14,4800.10990739013,341.23644529083305
2023-07-15,1300.560601279283,15.6383339875
2023-07-16,609.4723192762765,20.069205
2023-07-17,1301.702624343295,96.79179102073276
2023-07-18,1835.3968646789435,67.45553837191522
2023-07-19,1309.3080117953623,28.38408160082817
2023-07-20,1039.4604380568042,29.64312342329208
2023-07-21,1082.0173387432458,135.92316409918635
2023-07-22,1137.6004849653375,23.731685509999995
2023-07-23,953.2039666699626,53.02779982057661
2023-07-24,1058.4669371406303,75.32633914628762
2023-07-25,2009.2064882550096,24.58482459904209
2023-07-26,1437.5507064254232,61.19906211086098
2023-07-27,1601.7944403995464,24.936158285826323
2023-07-28,1497.3048614065465,88.35963641296765
2023-07-29,1350.6355046653134,200.61241201844365
2023-07-30,1025.093737518921,78.65651918023485
2023-07-31,1066.067536758291,16.379704123516742
2023-08-01,1499.254350307373,110.03356971521303
2023-08-02,1413.3497127566975,43.16981052263411
2023-08-03,2065.2447840823224,373.5963811348677
2023-08-04,2318.4900398420755,44.67558361658604
2023-08-05,2499.2521188444643,103.60603447426408
2023-08-06,2498.4321864047224,78.88098497342023
2023-08-07,1423.6100823158563,58.85765670562441
2023-08-08,1124.618192246807,60.48037205500151
2023-08-09,1154.6388273470286,13.78255885833235
2023-08-10,660.6460215951013,72.77724894883886
2023-08-11,482.15914601756094,42.734464109282264
2023-08-12,1490.1262402346883,27.764096225
2023-08-13,832.075887196265,35.132627306200796
2023-08-14,1121.9079639338431,122.26976566833332
2023-08-15,854.1622037897861,48.005663192499995
2023-08-16,542.3859841767147,41.47393312333333
2023-08-17,813.553795761697,107.26297288978728
2023-08-18,942.893574475056,51.77470160416679
2023-08-19,763.699547161578,134.00054303886736
2023-08-20,50.494929159407725,14.961623856666662
2023-08-21,2567.032837700635,107.88814970704654
2023-08-22,2052.676719564473,109.3967387309435
2023-08-23,2348.1284820382484,44.81102099166632
2023-08-24,1562.942227037733,14.70322496291714
2023-08-25,1819.106510455983,75.44355929941713
2023-08-26,2262.310517442674,5.387322095333408
2023-08-27,2476.9596277898654,110.9138239644234
2023-08-28,2337.771280967103,55.99944836138038
2023-08-29,1709.3813948311554,70.7061487525
2023-08-30,1298.6262388580494,29.715697955000067
2023-08-31,2026.2308102314928,50.278705034576475
2023-09-01,1531.0675323600267,30.658333936666665
2023-09-02,935.8930880139455,37.768957011666664
2023-09-03,1635.5956708715755,269.96976095626707
2023-09-04,13078.761451363333,133.37733655302756
2023-09-05,7291.328238609912,5.061172206666663
2023-09-06,1894.8640072763585,9.998953295
2023-09-07,2235.820289523026,25.18892788083332
2023-09-08,1357.2293313038238,3.1101699258333335
2023-09-09,1351.7603133838809,12.24428146961188
2023-09-10,1067.59782031362,19.621204113333334
2023-09-11,784.5363510744766,72.53590483666666
2023-09-12,2005.1281056173937,35.59598443333333
2023-09-13,2142.675979354003,35.78425773666666
2023-09-14,2269.787093829947,0.3069219908333333
2023-09-15,2905.3968163501936,1.7433247810237416
2023-09-16,3137.0195051845276,63.71385990666666
2023-09-17,2649.247061564543,39.39674769333333
2023-09-18,867.0452847525964,339.08291929644224
2023-09-19,1773.868073792408,19.513540583333324
2023-09-20,2049.8169151332777,15.09826987
2023-09-21,4097.254146909104,49.76682455357766
2023-09-22,1984.326364940109,17.887199757805245
2023-09-23,2947.467975860921,140.97284032384508
2023-09-24,3227.583741492255,6.274186775833333
2023-09-25,1219.660741890331,20.890149225516804
2023-09-26,948.5418209261032,34.947112633967095
2023-09-27,1654.1402699795974,97.98186755833328
2023-09-28,1809.454893097039,23.559528265
2023-09-29,927.4461321518048,15.335162305
2023-09-30,2509.1240729499073,154.11703230666632
2023-10-01,4994.901359150383,14.583196635833334
2023-10-02,4192.860239317364,19.693302517651865
2023-10-03,9062.604461114572,0.3598071099999991
2023-10-04,12385.767329873106,2.2347858733333323
2023-10-05,8620.806385849426,19.684554474098345
2023-10-06,4924.463157987085,33.610869343333995
2023-10-07,1616.0706823815783,122.63654407260712
2023-10-08,915.0571660773556,68.63815487883248
2023-10-09,6226.168827625685,14.064740789166663
2023-10-10,5442.178504995906,4.8171546141666655
2023-10-11,9166.365150407146,4.837499884166666
2023-10-12,13191.8170420672,1793.892999664445
2023-10-13,5426.345231445027,32.4857265218716
2023-10-14,5593.1029249253515,4259.60550592966
2023-10-15,8617.012821840235,4.832999835
2023-10-16,3859.664509358834,24.167499685
2023-10-17,1905.753632263708,23.9366664875
2023-10-18,484.19745480449205,17.366606826666725
2023-10-19,452.74193183422614,2.0637699623011247
2023-10-20,415.97946145044546,1.174904657499834
2023-10-21,460.1673956838162,0.3549418616666666
2023-10-22,8822.15475623904,17.619241856666335
2023-10-23,10707.106558817644,45.63301717666666
2023-10-24,14500.80819056517,0.0
2023-10-25,14358.352983851351,27.04828863583333
2023-10-26,10246.01088188912,27.16083336166666
2023-10-27,5870.057951396161,10.197402448333332
2023-10-28,8598.926614309943,0.0
2023-10-29,13565.34840790518,1.5574133950787583
2023-10-30,5091.577872484931,0.8091669166666665
2023-10-31,4926.889131281452,177.00630683525668
2023-11-01,3429.2409256502224,0.5916666383333333
2023-11-02,2476.8789869076063,99.4960521325
2023-11-03,139.14805237598455,16.74479755066703
2023-11-04,157.75370472499688,504.8202397914217
2023-11-05,1339.6594332472057,11.911729479166668
2023-11-06,6218.0791914063475,15.256256291833964
2023-11-07,4908.545430602673,26.88230105613345
2023-11-08,6841.602228670692,0.0
2023-11-09,6905.407308718805,2.214166593333333
2023-11-10,2471.477725847368,0.0
2023-11-11,403.6337835854406,5410.290450514238
2023-11-12,419.1233689800348,82.1035879043117
2023-11-13,708.6694028195999,2.2436385655338325
2023-11-14,954.3479785385088,0.0
2023-11-15,0.0,0.2832487141666674
2023-11-16,675.315310252165,3.1441667558333335
2023-11-17,73.57922309547993,16.04750078833333
2023-11-18,149.69668944556338,0.0
2023-11-19,7428.746069478375,4230.486764446592
2023-11-20,6622.917440755446,0.1341667366666666
2023-11-21,1207.793273384521,0.0
2023-11-22,995.0658547203456,0.0
2023-11-23,181.04138268570995,11.066166856666666
2023-11-24,96.92079929026174,0.8284219499999992
2023-11-25,2379.676253484024,19.41386165583333
2023-11-26,1138.0894962999546,0.0
2023-11-27,449.44900466028326,6.7941618974999995
2023-11-28,1015.361174638123,0.0
2023-11-29,508.58056393796534,1.30250075
2023-11-30,4.584166833333333,10.626136306666655
2023-12-01,3180.618955307296,4.442500031666975
2023-12-02,4651.457869612842,0.0
2023-12-03,87.974853325,0.0
2023-12-04,602.7577448973168,0.0
2023-12-05,984.1414715339832,0.0
2023-12-06,3038.4591636695627,3.0797765100000003
2023-12-07,8358.108771492674,0.0
2023-12-08,3318.054544005743,6.390000293333333
2023-12-09,1589.528861135556,8.811310935
2023-12-10,41.45288642457322,0.0
2023-12-11,31.974793027778095,0.0
2023-12-12,123.3295538987893,37.14218829166666
2023-12-13,21.66139775259093,1.0908333458333332
2023-12-14,0.0,1.1859170706100417
2023-12-15,182.63891146607023,2.549999891666667
2023-12-16,64.36857237978839,0.2975000958333333
2023-12-17,22.09004132833333,0.0
2023-12-18,0.5749999999999991,0.9333333333333332
2023-12-19,2369.5608871787554,0.0
2023-12-20,1379.7655391770322,1.1541665591666666
2023-12-22,0.0,5.61415779
2023-12-23,46.286332476666665,63.469826609999984
2023-12-24,195.21817450186228,0.0
2023-12-25,2993.8638827866444,0.0
2023-12-26,26.86630451000083,10.332592590000583
2023-12-27,48.762500145,0.0
2023-12-28,59.61997003825963,2.447499998333333
2023-12-29,3.648770895,0.0
2023-12-30,505.67698064749663,35.095770546666664
2023-12-31,0.5900000125,0.0
2024-01-01,1645.65140333197,0.0
2024-01-02,6.150000636666662,0.0
2024-01-03,258.19984727293195,0.0
2024-01-04,14.119674750920332,0.0
2024-01-05,61.10166607916666,1.7123766293989418
2024-01-06,0.3169998733333317,0.0
2024-01-07,953.4168233324268,0.0
2024-01-08,2111.7513507877443,1.5783333208333334
2024-01-09,3711.6617372554606,13.015153716666838
2024-01-10,3189.545141921706,7.783333019166666
2024-01-11,4719.077725614385,0.0
2024-01-12,3928.567054922218,10.89566502
2024-01-13,10125.687757772328,17.2429160475
2024-01-14,14093.099039140532,0.0
2024-01-15,5930.098898639695,81.71323193725006
2024-01-16,6894.858307475162,0.0
2024-01-17,2709.7467768081224,60.29745839999999
2024-01-18,9872.55850298705,2.1125000316666664
2024-01-19,2174.8988513017052,0.0
2024-01-20,67.53813938731845,0.0
2024-01-21,12.619931730810375,0.3966667049999999
2024-01-22,18.644454497348175,0.0
2024-01-23,24.508676926666663,2.6646973291666667
2024-01-24,38.93242207,0.0
2024-01-25,1821.7781826099267,0.8494570216666666
2024-01-26,3688.6416822890656,0.0
2024-01-27,10504.384873575951,1.1620258208333332
2024-01-28,10919.998857800432,1.5907924647801166
2024-01-29,829.5752260013663,15.683068982499998
2024-01-30,326.62448693135445,10.887852723238748
2024-01-31,123.9364791166963,12.825250156666666
2024-02-01,19.222011359936644,0.2991666733333666
2024-02-02,2825.278332879661,39.75530097783905
2024-02-03,9680.026247315378,0.0
2024-02-04,48.66395713698575,0.0
2024-02-05,68.04945267917833,0.0943732791666666
2024-02-06,125.51436847971226,0.0
2024-02-07,478.160605796494,8.005000039999999
2024-02-08,137.17604446484577,7.268332926666666
2024-02-09,146.23303473222592,0.8366666191667582
2024-02-10,6540.682395687595,47.363145505
2024-02-11,17835.007116490775,15.70609627483884
2024-02-12,10818.162358435007,228.66261772763727
2024-02-13,8771.126823382698,23.709352691666417
2024-02-14,8696.063208304759,34.02246785249987
2024-02-15,7669.024710520641,78.36838797025968
2024-02-16,1613.354635672861,2.9424997766666663
2024-02-17,110.06786378333332,0.0
2024-02-18,23700.786495000797,5.1199999641666665
2024-02-19,1104.6399364220508,48.583180696388915
2024-02-20,216.61442301767056,15.281870061666709
2024-02-21,11632.918555662956,0.2900000508333333
2024-02-22,17696.341570666395,55.19255101
2024-02-23,1268.3080342508315,1517.66189417783
2024-02-24,5580.566697802619,8376.337210903946
2024-02-25,13295.180384771287,1983.0900062295464
2024-02-26,110.7300210285446,6.140249873333331
2024-02-27,18827.13070859304,736.0603158500799
2024-02-28,22337.61873035903,40.27248230075816
2024-02-29,24232.089188407877,33.272168055
2024-03-01,28336.062567242792,51.64534228791219
2024-03-02,6853.931738929467,10.558996858333332
2024-03-03,42254.32200929591,0.0
2024-03-04,38662.12852324053,342.0443222125
2024-03-05,32128.751074259097,15.868232166666663
2024-03-06,9871.982829644085,5.492588276666666
2024-03-07,12975.823267882672,0.0
2024-03-08,33147.00531952244,8.35590453916675
2024-03-09,30051.815899222624,54.6141664375
2024-03-10,23221.240592553386,51.147892221105415
2024-03-11,28811.188872729697,10.065833339166666
2024-03-12,11524.247915963508,460.7897315490184
2024-03-13,24183.372955876388,23.0754801047372
2024-03-14,13485.094772276969,65.7317519625
2024-03-15,8788.583107325689,2.2739164758333335
2024-03-16,10613.935924472607,81.55606302386116
2024-03-17,32824.32035943152,1.9807997433333333
2024-03-18,17478.91397926003,6.638172347916659
2024-03-19,24384.475873004973,207.0884339043808
2024-03-20,29114.16503291452,4154.687055992142
2024-03-21,39698.095933692035,259.9522060328654
2024-03-22,18340.01974572005,18.533397883333276
2024-03-23,12065.707023376784,62.447958810063895
2024-03-24,11828.278195996756,53.93943425906639
2024-03-25,31049.67116896399,51.96514194011539
2024-03-26,26987.645288819065,8841.16611447589
2024-03-27,36699.2999327359,93.84670410720884
2024-03-28,31083.678957093336,7.552269814686666
2024-03-29,32977.67275427384,3.01815701524508
2024-03-30,6411.10614090672,197.15843027083332
2024-03-31,8628.389169223223,641.2762659070158
2024-04-01,22704.89078499488,3.0766666991666667
2024-04-02,56525.34039893145,402.00670609883673
2024-04-03,47635.01412381612,11.935000145
2024-04-04,27565.224507849143,17.797496403333334
2024-04-05,16782.309373989225,37.47057404499999
2024-04-06,61068.85745445745,1624.7279941886711
2024-04-07,56436.65474016746,731.4002432663524
2024-04-08,36076.73017137864,83.53411694180276
2024-04-09,49917.9691308404,804.8991786675391
2024-04-10,25497.029719106653,0.0
2024-04-11,15728.787147595564,1.92521275757879
2024-04-12,19211.514214975803,146.12288062666667
2024-04-13,15292.421129628196,17.16471817658332
2024-04-14,11693.363249208802,17.226250202499997
2024-04-15,35484.704437695116,146.42699050602496
2024-04-16,34269.16765327167,86.57700533156574
2024-04-17,25605.885694091925,19.55888566666701
2024-04-18,6447.321773887027,18.627925569166667
2024-04-19,19480.326700431757,0.2149998341666666
2024-04-20,16699.278565551922,4821.612668585041
2024-04-21,23498.43195921055,1114.8562121482082
2024-04-22,14027.772858490587,135.33166595416665
2024-04-23,14994.558654912322,325.6516506883327
2024-04-24,19038.31051870755,15.098583404024602
2024-04-25,16714.42221898777,71.59106087971458
2024-04-26,10013.047103284009,75.59727741166665
2024-04-27,42423.134787042385,3534.6577003906277
2024-04-28,46370.01185422425,1512.5699414113
2024-04-29,14504.003254840678,8295.296573732263
2024-04-30,11474.48441604621,2328.718087899675
2024-05-01,12734.290705495718,7419.884838060925
2024-05-02,10886.89364721331,0.0
2024-05-03,15851.119777923275,0.4833334999999992
2024-05-04,757.0915126664564,1.1991671241666666
2024-05-05,44840.90746380845,5012.081254847349
2024-05-06,10867.517321265172,23568.37654208127
2024-05-07,18652.451350736,31100.474981221847
2024-05-08,29745.88668731826,760.3033374183333
2024-05-09,11046.416638158364,53.648333555833325
2024-05-10,5972.476876263266,107.10102965789196
2024-05-11,18743.65367240001,5.802253201666666
2024-05-12,23370.61685437399,166.8028240428265
2024-05-13,6893.784352401776,134.54235537168984
2024-05-14,7263.347343959396,39.05827456749999
2024-05-15,1741.2909026321329,75.83402410825667
2024-05-16,9426.491927245574,4344.083365643014
2024-05-17,21174.0851173522,3811.656175053811
2024-05-18,21795.918239540653,5263.450744082232
2024-05-19,41518.74096577221,17066.2387948281
2024-05-20,12652.510304475274,379.3918015662048
2024-05-21,30618.302172974323,45.43494107035359
2024-05-22,26910.144905504232,913.1622630780996
2024-05-23,27977.807275600728,461.8886668395942
2024-05-24,13818.08058200779,394.3871294956154
2024-05-25,41858.00537226503,3695.7438356184366
2024-05-26,52752.61056205258,337.6091312065757
2024-05-27,22004.808910709904,105.3567442819033
2024-05-28,6718.557428233548,249.5140480365725
2024-05-29,9193.121634414754,6044.644109236616
2024-05-30,11658.651167084963,100.34482039789452
2024-05-31,14157.521654362929,113.24462516673007
2024-06-01,28520.659163108212,1317.8347027390046
2024-06-02,25381.250781756367,11500.772398790594
2024-06-03,4039.694708777448,1290.832981245548
2024-06-04,3901.973091032351,5338.656634179116
2024-06-05,4672.608843510789,1905.041151363916
2024-06-06,2715.946159752422,666.54217078
2024-06-07,6702.850911196837,294.3178485840144
2024-06-08,3811.620985748008,1197.198929839141
2024-06-09,11573.635640622584,7132.060487945187
2024-06-10,2864.3284261358135,1557.46805908
2024-06-11,2889.7159065201063,1243.528871360316
2024-06-12,4550.3614633822435,817.5271961383248
2024-06-13,5172.222747689721,20.3610841975
2024-06-14,1655.4618632931345,1158.8210629820896
2024-06-15,5822.903013156719,3609.755264383345
2024-06-16,9277.05771382849,8247.547094655105
2024-06-17,11578.412126674571,5746.290011043114
2024-06-18,8056.51270218376,2925.8726333420873
2024-06-19,5633.822512799766,3485.5673670298165
2024-06-20,3617.0434296344624,908.3593211634454
2024-06-21,1909.794658769806,700.5592128604003
2024-06-22,1694.291427273228,14.186850470000747
2024-06-23,1533.0841462023716,57.49953875555534
2024-06-24,1008.596333802758,424.83476554641703
2024-06-25,1523.658353634636,262.7671407969718
2024-06-26,2115.9832588003046,621.0194924787917
2024-06-27,3397.3706091814106,2912.682265682444
2024-06-28,3490.257671134015,2615.70767946213
2024-06-29,3680.927650378187,202.0188408528668
2024-06-30,3965.729214122609,1695.0840654651718
2024-07-01,3081.588375030009,2573.1201541532673
2024-07-02,2465.0149227542797,1063.4864327331652
2024-07-03,1676.441473924491,2069.5928034476246
2024-07-04,1445.703014977095,575.1402802142782
2024-07-05,1838.361991622513,1627.3961375690014
2024-07-06,1598.6162949311304,57.24093090499999
2024-07-07,1641.8008484682694,29.65092646027765
2024-07-08,1319.9488957471142,278.98335189333335
2024-07-09,1469.9257702250202,23.422711109999913
2024-07-10,1591.774854145751,408.6709684749997
2024-07-11,1473.804839441562,652.0378833561908
2024-07-12,1214.9229289072928,366.9262106967162
2024-07-13,708.6975135457135,129.30175742213743
2024-07-14,2113.434169368915,25.084358719166666
2024-07-15,634.4941685078207,389.7618072307389
2024-07-16,860.4472720638452,514.1842189327494
2024-07-17,1708.8080606900517,211.36728334916663
2024-07-18,989.428722831034,127.01398042249998
2024-07-19,1569.7652994334076,429.9110347780639
2024-07-20,992.3502983796028,19.91091218416708
2024-07-21,1753.771496527217,31.144102694499516
2024-07-22,1871.5185601532855,189.2236856128342
2024-07-23,1618.4309700746355,38.12168988333333
2024-07-24,1262.2809469487322,64.58844581428482
2024-07-25,964.3714005549928,107.40132405500036
2024-07-26,1275.2230108977392,435.50327012423537
2024-07-27,2776.7956455455364,1726.0323577447346
2024-07-28,2982.0955258645345,1970.9128995052452
2024-07-29,1897.114967639006,599.0112061302286
2024-07-30,2248.8933341517045,484.63566662416656
2024-07-31,1335.243444441697,47.85602934250016
2024-08-01,1537.2626618261788,0.0
2024-08-02,98.50683207203178,51.93287925083223
2024-08-03,1107.8385728026444,101.77279153450635
2024-08-04,1691.7771758089973,162.95861499261682
2024-08-05,1873.4782740354185,653.5815196890048
2024-08-06,1957.0771896085291,1072.0415562184112
2024-08-07,1555.9824277258597,759.5436244783333
2024-08-08,1348.112877644288,65.3282969050001
2024-08-09,1248.201989727469,85.88473155937454
2024-08-10,1930.3606915923929,108.42837578919428
2024-08-11,2383.4563142210673,15.24654488958313
2024-08-12,1461.1169771469802,249.11806235958073
2024-08-13,1638.9341121802318,26.22407932500009
2024-08-14,2255.1251496408813,69.00256104182554
2024-08-15,4647.332685353863,54.59339915083325
2024-08-16,1213.6655118485414,7.269588975000191
2024-08-17,938.797914771748,3.400250216666664
2024-08-18,5113.765045393525,2.9458328249999175
2024-08-19,1487.779854904614,21.36616906666792
2024-08-20,2288.1116820366274,11.76874495333275
2024-08-21,1701.3777362243736,42.31698967616741
2024-08-22,2787.6660843159675,25.16217081833333
2024-08-23,3956.595314488198,2.8068655158333313
2024-08-24,3874.0061142393474,1461.1439551395902
2024-08-25,5858.653164939894,772.1281769371928
2024-08-26,2365.637766282493,0.1725001016666666
2024-08-27,1391.5060621931696,97.69673769583288
2024-08-28,2155.5304803620656,42.86578128333144
2024-08-29,1065.150534648773,30.728996249737733
2024-08-30,1285.4384145843312,12.894649530606882
2024-08-31,1324.0877346515606,16.75830314147333
2024-09-01,1205.6519016978873,55.87066911178991
2024-09-02,1572.5176571847148,11.28283337249999
2024-09-03,1636.912542810214,41.77941746333333
2024-09-04,1390.2765102236858,51.47914869749984
2024-09-05,2336.4266786453227,189.52591151672365
2024-09-06,1122.5228034096365,137.33210182504772
2024-09-07,980.5039816860948,127.37401415994265
2024-09-08,1075.2162787975285,100.06047331100032
2024-09-09,1228.786143138471,43.90448102862067
2024-09-10,1219.7235516532123,47.15143621332566
2024-09-11,1355.7895414366262,53.612036096996746
2024-09-12,5608.0932828165305,1682.2545400325268
2024-09-13,4921.030841761129,22.453510909166656
2024-09-14,4626.408604019781,6.534451961667033
2024-09-15,6544.903658806069,119.97142764338776
2024-09-16,8999.024453400994,14.917820560833356
2024-09-17,19327.7170698718,3963.0868329200102
2024-09-18,3476.648483302362,24.292418754167084
2024-09-19,1196.580628062726,56.451464211525746
2024-09-20,3255.4963758186227,12.165833885
2024-09-21,10767.875777993444,0.6800000508333316
2024-09-22,9099.863192921412,13.329166349166709
2024-09-23,6246.323578250369,17.584172315833065
2024-09-24,1939.0225580523315,3.6591852791666666
2024-09-25,2096.00653549828,8.3050326479465
2024-09-26,1706.5605125283018,109.19781756000025
2024-09-27,1077.8253269468726,171.1074048041671
2024-09-28,1743.389645013876,0.2783332825
2024-09-29,3968.018117869424,29.409999917499995
2024-09-30,1848.121577438575,0.0
2024-10-01,1768.8964789086915,1.8383333683333336
2024-10-02,2914.898335719986,8.010551484999999
2024-10-03,2041.0415648985652,0.0
2024-10-04,982.5759967421016,61.89507528472338
2024-10-05,916.9627441112252,125.24804193583468
2024-10-06,1764.3298345450544,246.74079410249945
2024-10-07,4047.502334608012,60.13969102526636
2024-10-08,3754.288698825992,371.3650247663783
2024-10-09,7512.0303914393235,183.1972890691679
2024-10-10,5215.276370479869,45.23386217444542
2024-10-11,5368.316604119256,7.030565398333333
2024-10-12,10557.457398824175,1.805583074999998
2024-10-13,5467.454653429835,0.0
2024-10-14,2758.3343666949795,28.51916635
2024-10-15,854.3713356808851,0.601667019999999
2024-10-16,308.6734495120633,159.17717559583326
2024-10-17,9616.55380996312,0.5152501275
2024-10-18,7027.8863188813975,5.633891019999999
2024-10-19,15820.122729056437,61.99299419333333
2024-10-20,8916.35322645195,0.0
2024-10-21,10661.700424006272,0.0
2024-10-22,5665.443686167784,4.755249821666665
2024-10-23,7350.147344056284,81.88474323333321
2024-10-24,5693.215846653086,29.01837576333333
2024-10-25,2087.5069129105773,1.3383342041666666
2024-10-26,510.0427415949227,10.541664633333331
2024-10-27,54.722223067238566,0.0
2024-10-28,1138.023849137516,15.492409440833333
2024-10-29,3890.9986503589057,14.233333536666663
2024-10-30,6065.879875921131,0.437500185
2024-10-31,9603.949291218474,40.433795071790016
2024-11-01,1080.5297426885656,19.226582763333383
2024-11-02,552.5629904361925,102.27677930833345
2024-11-03,17821.739499761974,149.16682315777024
2024-11-04,6610.930810542785,1.1334121716666663
2024-11-05,431.1490998757061,0.0991666408333341
2024-11-06,10112.293689050526,20.499553968171583
2024-11-07,1599.2417891080877,3.685748879999999
2024-11-08,490.7462725097531,1.096667225833334
2024-11-09,8378.334498851395,6.9963255575007
2024-11-10,8035.2804725542655,2.47416687
2024-11-11,746.8953023055403,2.33000025
2024-11-12,6376.573240643461,4.444165548333334
2024-11-13,980.1694521237786,0.7125000383333333
2024-11-14,4558.807325384601,2.2541668525
2024-11-15,12637.556275677229,8.14583525
2024-11-16,22373.125546060357,4.0331084725
2024-11-17,12170.874852097086,0.1250000191666666
2024-11-18,18300.14576743316,6.975000153333333
2024-11-19,7412.4335574459665,1.1066669716666666
2024-11-20,1415.9694280943156,6.898627131666666
2024-11-21,417.5364274068839,2.480000115
2024-11-22,1135.5617655448928,0.0
2024-11-23,23.23404570724786,0.0
2024-11-24,2931.8538399702697,4.361702328994367
2024-11-25,103.23729215915608,0.0
2024-11-26,0.7049999233333333,1.692499923333333
2024-11-27,95.74623603456304,6.518816447499997
2024-11-28,230.9686501383717,0.3950000833333333
2024-11-29,4.825548684166666,13.856593524166666
2024-11-30,5.802462877777746,4.055982933333333
2024-12-01,112.18531424239292,0.3474998983333333
2024-12-02,186.18949717160305,0.1391667941666658
2024-12-03,20.11004739807207,0.2149998858333333
2024-12-04,173.44868760819898,0.0
2024-12-05,157.8377312823727,1.4773042819444424
2024-12-06,12.699661749999995,0.2802502291666658
2024-12-07,30.542778463888908,2.8218264816666663
2024-12-08,128.53693516737053,6.448016160413059
2024-12-09,226.9787543263316,0.0
2024-12-10,5217.379463293736,0.0
2024-12-11,90.657795124313,41.82941674666666
2024-12-12,62.93027354565525,24.598332904166664
2024-12-13,922.5379095243824,6.674333656666667
2024-12-14,3329.9862512741533,18.692916413333332
2024-12-15,7201.943329071634,1.2233334608333333
2024-12-16,39.81690198855483,28.772249048333325
2024-12-17,129.6127294866645,54.977026454999994
2024-12-18,407.58421566398493,31.49580057833333
2024-12-19,13.359583688333332,29.608608041666663
2024-12-20,330.460505711853,40.387083829999995
2024-12-21,23.2469073356952,1.4699999933333332
2024-12-22,0.563333295,10.07925069
2024-12-23,18.325333970833327,21.260084544166663
2024-12-24,30.2517494775,53.947778342499994
2024-12-25,34.308441073307705,28.21041631
2024-12-26,126.6278903637186,149.7495283049415
2024-12-27,1166.9906923943236,12.153332400833332
2024-12-28,1.7490834858333315,25.911666105833326
2024-12-29,214.08686119245056,2.5908332316666662
2024-12-30,160.79306440701816,792.5824710111772
2024-12-31,431.4857511733461,5.543106822500059
2025-01-01,2275.422773587484,0.0
2025-01-02,1662.7334701476216,2.804206315000029
2025-01-03,23.189970581666508,8.963333561666666
2025-01-04,2317.185872953251,1.9312499875000333
2025-01-05,270.7150147713554,12.997000190833331
2025-01-06,1231.84698124478,16.40283287583333
2025-01-07,3958.9520542100254,4.194167009999999
2025-01-08,684.3856782741628,2.8816668191666666
2025-01-09,3878.861667573664,2.6719732949999497
2025-01-10,3503.0250547688197,5.119499934166666
2025-01-11,8761.233109092878,4851.747963139686
2025-01-12,2787.722294820418,0.2883999999999991
2025-01-13,2844.9326472881003,1.2117532041666663
2025-01-14,4511.34075110406,1.1463333583333333
2025-01-15,7050.428824998402,3.850777061762899
2025-01-16,818.5131407898523,4.529901139166666
2025-01-17,16383.908286138534,756.156496361141
2025-01-18,2323.68321951763,236.4468799277726
2025-01-19,1179.1055248967702,26.09171779333333
2025-01-20,1845.2829628215277,49.65156015138889
2025-01-21,4744.614366325949,5.065833021666742
2025-01-22,636.9965349192563,39.59069519400006
2025-01-23,9236.511624303022,73.83237845617941
2025-01-24,4620.605020433573,32.287089865000354
2025-01-25,773.4562173192429,16.237749745
2025-01-26,680.9687149369539,73.0176746713885
2025-01-27,1211.744885470322,24.412499891666684
2025-01-28,4840.73635139181,5.825833592500029
2025-01-29,11939.906010356528,0.1035834733333333
2025-01-30,13657.423298256745,3.944002496666658
2025-01-31,3341.4866880197633,6.626681484999999
2025-02-01,11408.776825449484,36.338333893333335
2025-02-02,37018.80046347555,68.272209551868
2025-02-03,4519.55104223639,2.3435835624999983
2025-02-04,15730.742530995214,90.51816617337576
2025-02-05,12266.708520723769,3974.4955269212182
2025-02-06,6406.376682377147,26.634290426666663
2025-02-07,1288.4236160014889,15.80583463
2025-02-08,26809.89515089159,1516.2312703094526
2025-02-09,9955.6624461687,37.45234693708999
2025-02-10,11787.97514200254,12.79066605583343
2025-02-11,18411.396651082658,3.438333613333333
2025-02-12,526.4619599624024,18.506486679999465
2025-02-13,1142.8612654976948,3.875832875833333
2025-02-14,12620.39212690517,16.977920192144264
2025-02-15,25664.93754016224,0.0
2025-02-16,8799.290040841688,136.03420104166665
2025-02-17,17316.12370542589,4.207220488333017
2025-02-18,23420.877396470212,0.3558333716666666
2025-02-19,9846.645190723562,25.306000136666775
2025-02-20,16423.137356875708,1029.59369987565
2025-02-21,15813.51187706584,189.91337669031415
2025-02-22,39174.359636082256,2946.881607889361
2025-02-23,53138.276217645325,43.172970443435226
2025-02-24,33493.80273568516,18.537746167768848
2025-02-25,26647.645565718256,10000.148406090642
2025-02-26,28017.368539616506,77.30670332051196
2025-02-27,13063.434541316086,48.1152064323642
2025-02-28,1422.4444596635617,37.25116995000004
2025-03-01,13603.508653241286,388.8225673732344
2025-03-02,21793.08390500008,1659.4031806211376
2025-03-03,7887.839996940816,3675.335729583905
2025-03-04,27303.456433696276,2450.2702434054927
2025-03-05,431.6604980167003,0.0
2025-03-06,7169.4234296943005,35.50650412833334
2025-03-07,8124.999465457206,1897.221088275694
2025-03-08,24373.007191976045,24207.223385963334
2025-03-09,16650.840522843,41369.24600177972
2025-03-10,41467.28644305581,0.1191666708333333
2025-03-11,1944.8530588951269,0.0
2025-03-12,7335.71981758857,15.795461818333388
2025-03-13,3028.3113354393795,669.5843228700841
2025-03-14,1226.320115303039,2.7599992358333334
2025-03-15,63793.48142342509,110.55196044133316
2025-03-16,38023.346381335454,143.95124697192404
2025-03-17,11339.940306574948,162.64298201
2025-03-18,65798.3792332153,1602.7607638100617
2025-03-19,58456.03095619102,52.40366747
2025-03-20,27205.305417714106,33578.01633299664
2025-03-21,36095.28508627737,10586.093284593024
2025-03-22,38665.66181492633,9533.886021840166
2025-03-23,14336.530706615978,36734.16897816401
2025-03-24,31361.557373088817,3806.8018935875457
2025-03-25,11692.493223197958,57.39519605394203
2025-03-26,4754.084375196001,1428.2051236301284
2025-03-27,6996.644782650405,29750.825179261872
2025-03-28,767.7560308753639,18689.22288726607
2025-03-29,8198.054510705728,56039.49763432287
2025-03-30,5673.215133359559,33620.31281672944
2025-03-31,828.2447312316359,425.1931416466341
