Date,Reason,Curtailment (MWh)
2022-04-01,Local,10148.356593285032
2022-04-01,System,322.18936454996
2022-04-02,Local,9632.52882354626
2022-04-02,System,12954.765747553902
2022-04-03,Local,9461.517373706334
2022-04-03,System,7757.706849948539
2022-04-04,Local,13201.477740449898
2022-04-04,System,69.87086171666667
2022-04-05,Local,16189.953263515008
2022-04-05,System,7090.779963276203
2022-04-06,Local,13381.036666584789
2022-04-06,System,122.24793263229607
2022-04-07,Local,8338.24517258949
2022-04-07,System,8.553785215
2022-04-08,Local,4316.410355432145
2022-04-08,System,14.360949233333502
2022-04-09,Local,38225.58106978229
2022-04-09,System,92.97194553153099
2022-04-10,Local,33885.84410476721
2022-04-10,System,2188.9823009227885
2022-04-11,Local,9266.844679439388
2022-04-11,System,41.42723607695053
2022-04-12,Local,42639.57961170799
2022-04-12,System,134.0787986155384
2022-04-13,Local,31569.607872154746
2022-04-13,System,1768.913643004398
2022-04-14,Local,24774.40275261599
2022-04-14,System,25.670128686666665
2022-04-15,Local,29602.96143904045
2022-04-15,System,17.569578560256016
2022-04-16,Local,27161.15697809975
2022-04-16,System,1751.4578739558067
2022-04-17,Local,39963.23233290864
2022-04-17,System,1678.2463468502142
2022-04-18,Local,15735.125958951201
2022-04-18,System,17.838789680834083
2022-04-19,Local,11725.970080270814
2022-04-19,System,7.463643013333333
2022-04-20,Local,20471.629044227248
2022-04-20,System,133.36216776105564
2022-04-21,Local,17991.130005951298
2022-04-21,System,12.377926278333334
2022-04-22,Local,9580.657438324695
2022-04-22,System,38.25667284224774
2022-04-23,Local,9345.77219582271
2022-04-23,System,21874.135867548313
2022-04-24,Local,11959.218576951667
2022-04-24,System,7.6399738825
2022-04-25,Local,5210.67921992929
2022-04-25,System,12.078335280833699
2022-04-26,Local,4414.501468376705
2022-04-26,System,1001.0275251664624
2022-04-27,Local,12541.203090449453
2022-04-27,System,2122.933555045783
2022-04-28,Local,20057.07875476703
2022-04-28,System,5754.361923398855
2022-04-29,Local,11959.111322928833
2022-04-29,System,60.65651616702718
2022-04-30,Local,8533.845201182077
2022-04-30,System,7808.6247178551375
2022-05-01,Local,27885.76038190383
2022-05-01,System,16898.581963654044
2022-05-02,Local,14248.182963651048
2022-05-02,System,1099.5213287582196
2022-05-03,Local,13159.74442908094
2022-05-03,System,144.7555797830025
2022-05-04,Local,6488.262471944798
2022-05-04,System,7.120833879166666
2022-05-05,Local,6386.307573789459
2022-05-05,System,18.437810589166673
2022-05-06,Local,9436.17362655813
2022-05-06,System,87.20552670444059
2022-05-07,Local,14031.503507388212
2022-05-07,System,15006.80199029846
2022-05-08,Local,28432.557451172204
2022-05-08,System,2721.562459699319
2022-05-09,Local,24242.173556392747
2022-05-09,System,11061.26634948085
2022-05-10,Local,15819.15084236507
2022-05-10,System,2323.3218734760685
2022-05-11,Local,40332.97902109967
2022-05-11,System,103.42603341163249
2022-05-12,Local,20788.27210550775
2022-05-12,System,100.621499315
2022-05-13,Local,6534.7777061298475
2022-05-13,System,21.634036934999997
2022-05-14,Local,5610.145024483277
2022-05-14,System,99.76838272473816
2022-05-15,Local,3888.1844504610126
2022-05-15,System,175.01499765008367
2022-05-16,Local,4286.490632528088
2022-05-16,System,84.82326840315064
2022-05-17,Local,7304.915147880963
2022-05-17,System,159.77665530367847
2022-05-18,Local,4486.495512767267
2022-05-18,System,39.15123554073387
2022-05-19,Local,13553.902302548406
2022-05-19,System,30.08715821293679
2022-05-20,Local,7488.62600722878
2022-05-20,System,378.85880455791795
2022-05-21,Local,6951.220629058916
2022-05-21,System,271.49541535506364
2022-05-22,Local,18997.22794928579
2022-05-22,System,1376.4124169318468
2022-05-23,Local,7062.486210616975
2022-05-23,System,14.290833946666664
2022-05-24,Local,2108.9652507586793
2022-05-24,System,2.408389050833333
2022-05-25,Local,4250.610485099434
2022-05-25,System,111.5129842063693
2022-05-26,Local,3427.622593846557
2022-05-26,System,6.378211156666666
2022-05-27,Local,2227.825139118535
2022-05-27,System,1930.6311176100962
2022-05-28,Local,3851.6862808496767
2022-05-28,System,9692.912752793383
2022-05-29,Local,5934.082414161019
2022-05-29,System,50739.35673327069
2022-05-30,Local,13806.527271693607
2022-05-30,System,18317.686965751323
2022-05-31,Local,5354.275905728396
2022-05-31,System,294.98060932485566
2022-06-01,Local,2445.2656009255875
2022-06-01,System,54.78378916052861
2022-06-02,Local,1190.9909971123848
2022-06-02,System,79.10332035231843
2022-06-03,Local,1350.7544065708987
2022-06-03,System,524.2803754583688
2022-06-04,Local,10041.552967824944
2022-06-04,System,3540.0140651795086
2022-06-05,Local,5982.882823589177
2022-06-05,System,9919.437374681926
2022-06-06,Local,1901.785748251082
2022-06-06,System,1242.7216192416683
2022-06-07,Local,910.3547772291747
2022-06-07,System,470.6331743173956
2022-06-08,Local,952.4111379751847
2022-06-08,System,130.62533298663465
2022-06-09,Local,742.5993856628054
2022-06-09,System,32.00919070166683
2022-06-10,Local,1318.843602240634
2022-06-10,System,23.748215189448693
2022-06-11,Local,1788.6468722877917
2022-06-11,System,72.41692248398833
2022-06-12,Local,1636.7340874251042
2022-06-12,System,902.8351677486544
2022-06-13,Local,1079.2342922716814
2022-06-13,System,13011.208523692521
2022-06-14,Local,3900.0535118111907
2022-06-14,System,18136.86379599675
2022-06-15,Local,1729.8795361654866
2022-06-15,System,49.057377803126144
2022-06-16,Local,2099.1912118564974
2022-06-16,System,251.89643489135193
2022-06-17,Local,1263.78276157432
2022-06-17,System,1583.311818130874
2022-06-18,Local,1853.4391291501693
2022-06-18,System,41047.518627778016
2022-06-19,Local,5377.545519775731
2022-06-19,System,42428.47187859631
2022-06-20,Local,7076.1067310821345
2022-06-20,System,267.11155493333166
2022-06-21,Local,1227.1468473399589
2022-06-21,System,215.34964560525688
2022-06-22,Local,1060.8933403950923
2022-06-22,System,64.52032676
2022-06-23,Local,985.2554037834341
2022-06-23,System,274.90445626541265
2022-06-24,Local,840.4493027624677
2022-06-24,System,355.2341375161611
2022-06-25,Local,1165.5712512791813
2022-06-25,System,86.56327914620952
2022-06-26,Local,1421.6339091759216
2022-06-26,System,204.8361089186108
2022-06-27,Local,975.7774954664889
2022-06-27,System,108.64803908166708
2022-06-28,Local,915.3980588067961
2022-06-28,System,252.82145351924456
2022-06-29,Local,893.821903777273
2022-06-29,System,338.41157869395965
2022-06-30,Local,1914.1303767769514
2022-06-30,System,292.6681352275848
2022-07-01,Local,940.4492167257753
2022-07-01,System,99.33898378708365
2022-07-02,Local,2082.130585082322
2022-07-02,System,274.4378997394109
2022-07-03,Local,26756.418878752283
2022-07-03,System,5449.550069690907
2022-07-04,Local,22025.761281493156
2022-07-04,System,1014.0066445828737
2022-07-05,Local,3050.5203188981095
2022-07-05,System,48.621469411666496
2022-07-06,Local,1593.427005032364
2022-07-06,System,630.5599591538656
2022-07-07,Local,1346.9832001138416
2022-07-07,System,295.44811960144705
2022-07-08,Local,1231.3873126415392
2022-07-08,System,382.954157760907
2022-07-09,Local,1377.9039525712851
2022-07-09,System,316.1064709921318
2022-07-10,Local,1358.7188012668282
2022-07-10,System,115.58602163200707
2022-07-11,Local,1472.9896918097224
2022-07-11,System,29.062194265943486
2022-07-12,Local,1141.765318895028
2022-07-12,System,39.15067524927939
2022-07-13,Local,1605.337839069579
2022-07-13,System,8.765661708120007
2022-07-14,Local,1312.4309593895657
2022-07-14,System,22.522523344466297
2022-07-15,Local,1645.6647641896009
2022-07-15,System,114.68593542203914
2022-07-16,Local,2428.4762805058267
2022-07-16,System,60.56572759245071
2022-07-17,Local,1980.718334638294
2022-07-17,System,79.44257421750143
2022-07-18,Local,651.6141200246099
2022-07-18,System,50.524058105000144
2022-07-19,Local,1199.9213365552996
2022-07-19,System,351.4197744548584
2022-07-20,Local,922.9181545540728
2022-07-20,System,39.31947996053924
2022-07-21,Local,1000.018207343756
2022-07-21,System,380.7164877895018
2022-07-22,Local,1476.1265531188087
2022-07-22,System,224.35391401583317
2022-07-23,Local,957.968597090169
2022-07-23,System,3.0457219733333334
2022-07-24,Local,1363.489832649447
2022-07-24,System,49.823542179790266
2022-07-25,Local,1770.430348555389
2022-07-25,System,67.71741911841686
2022-07-26,Local,1017.2469802122923
2022-07-26,System,8.56449078551457
2022-07-27,Local,1134.2973768385714
2022-07-27,System,72.90336361907137
2022-07-28,Local,1297.0260141942645
2022-07-28,System,106.170178066249
2022-07-29,Local,705.3238950571753
2022-07-29,System,171.15077188249998
2022-07-30,Local,341.91281151887426
2022-07-30,System,69.89135020916666
2022-07-31,Local,713.6059220854379
2022-07-31,System,3.747366158333333
2022-08-01,Local,419.44826002633346
2022-08-01,System,23.542109974166745
2022-08-02,Local,1312.7576478922635
2022-08-02,System,113.40383260133227
2022-08-03,Local,627.1821203374216
2022-08-03,System,112.09657402649935
2022-08-04,Local,425.16190221192016
2022-08-04,System,5.668149259999999
2022-08-05,Local,239.1109232360203
2022-08-05,System,120.14254389562208
2022-08-06,Local,801.1054941581435
2022-08-06,System,331.41994352716955
2022-08-07,Local,1125.941056177426
2022-08-07,System,210.4814620373096
2022-08-08,Local,705.8428999624779
2022-08-08,System,80.80954554862598
2022-08-09,Local,770.030183369544
2022-08-09,System,43.645597710000075
2022-08-10,Local,760.6105723152176
2022-08-10,System,94.4814646670169
2022-08-11,Local,917.1785299776934
2022-08-11,System,127.52161114497616
2022-08-12,Local,960.5891472801462
2022-08-12,System,240.2324058037087
2022-08-13,Local,869.9485153216641
2022-08-13,System,80.60609694699995
2022-08-14,Local,1349.3152333752344
2022-08-14,System,17.526406696107067
2022-08-15,Local,1616.8341669650422
2022-08-15,System,40.183510852322485
2022-08-16,Local,2713.3344583132807
2022-08-16,System,21.70212197833333
2022-08-17,Local,482.02031635641794
2022-08-17,System,22.498581659636056
2022-08-18,Local,849.7534033882592
2022-08-18,System,7.2698664533333295
2022-08-19,Local,726.4678055582975
2022-08-19,System,90.8210889108332
2022-08-20,Local,1249.2107664915816
2022-08-20,System,46.95458725235092
2022-08-21,Local,1428.879594795992
2022-08-21,System,5.779056892500001
2022-08-22,Local,2126.8617084943708
2022-08-22,System,20.723439354166665
2022-08-23,Local,735.6842044371081
2022-08-23,System,28.951751445
2022-08-24,Local,405.8206016771288
2022-08-24,System,34.97219866666666
2022-08-25,Local,444.96474596043527
2022-08-25,System,23.835295395739266
2022-08-26,Local,846.9112235311107
2022-08-26,System,49.79146855566671
2022-08-27,Local,1763.409017549201
2022-08-27,System,148.324969796453
2022-08-28,Local,2266.4121891649183
2022-08-28,System,47.83442051878901
2022-08-29,Local,1134.6439753985178
2022-08-29,System,86.26129596400098
2022-08-30,Local,1037.597478304825
2022-08-30,System,94.0901456144997
2022-08-31,Local,889.1623230084039
2022-08-31,System,55.707510620000015
2022-09-01,Local,5955.139313307424
2022-09-01,System,28.28219642
2022-09-02,Local,1337.6031249321768
2022-09-02,System,16.63177160583333
2022-09-03,Local,1455.1416524100182
2022-09-03,System,164.1327058264425
2022-09-04,Local,981.4068397444989
2022-09-04,System,22.65560537833333
2022-09-05,Local,884.8273685527798
2022-09-05,System,9.122423736666667
2022-09-06,Local,2042.9674013955341
2022-09-06,System,37.25456397417562
2022-09-07,Local,1442.5992651375157
2022-09-07,System,43.07997641624544
2022-09-08,Local,1210.7133600586578
2022-09-08,System,343.3044078587319
2022-09-09,Local,357.8248797218001
2022-09-09,System,56.8542139725
2022-09-10,Local,251.8966859310174
2022-09-10,System,190.0085902731665
2022-09-11,Local,370.9971140936446
2022-09-11,System,66.93362904463443
2022-09-12,Local,430.31873084906084
2022-09-12,System,79.03997918430134
2022-09-13,Local,591.4699463490243
2022-09-13,System,137.74020071748714
2022-09-14,Local,1257.140178012131
2022-09-14,System,201.60974209416707
2022-09-15,Local,5436.721671446313
2022-09-15,System,43.1558343225
2022-09-16,Local,3606.0048098972543
2022-09-16,System,58.55474285833308
2022-09-17,Local,10374.515544020027
2022-09-17,System,77.11640434366541
2022-09-18,Local,5639.476379242689
2022-09-18,System,57.25020199258145
2022-09-19,Local,129.82211573329542
2022-09-19,System,47.27105565654284
2022-09-20,Local,671.7733104785227
2022-09-20,System,23.546766028087834
2022-09-21,Local,3162.410638649216
2022-09-21,System,24.34953637833333
2022-09-22,Local,1321.491121374952
2022-09-22,System,714.4263432495288
2022-09-23,Local,1096.8220344430558
2022-09-23,System,61.66258387605425
2022-09-24,Local,1734.411312541633
2022-09-24,System,96.02151350962323
2022-09-25,Local,1143.1857748531147
2022-09-25,System,14.731925091698331
2022-09-26,Local,670.3796160622599
2022-09-26,System,208.47303373351508
2022-09-27,Local,1293.2597346146301
2022-09-27,System,32.38551799333333
2022-09-28,Local,882.8814459278422
2022-09-28,System,134.60541311666665
2022-09-29,Local,1093.771173129878
2022-09-29,System,15.125088544999999
2022-09-30,Local,1296.982501391608
2022-09-30,System,107.44948210166677
2022-10-01,Local,1601.060813232909
2022-10-01,System,236.86208551714228
2022-10-02,Local,1824.7608801771291
2022-10-02,System,9.901162279999998
2022-10-03,Local,1605.1093741825327
2022-10-03,System,19.136944156666665
2022-10-04,Local,3068.5561627067455
2022-10-04,System,0.5384092266666667
2022-10-05,Local,2271.9767132266807
2022-10-05,System,18.5077532025
2022-10-06,Local,902.1579049830326
2022-10-06,System,62.963809639999994
2022-10-07,Local,2543.396841867588
2022-10-07,System,8.442044930833333
2022-10-08,Local,1714.302383441061
2022-10-08,System,25.934221734166666
2022-10-09,Local,1408.5286283018713
2022-10-09,System,17.237914608333334
2022-10-10,Local,822.9001947586938
2022-10-10,System,33.200820691666664
2022-10-11,Local,3287.3403039218842
2022-10-11,System,133.494146305
2022-10-12,Local,810.481005162558
2022-10-13,Local,1324.4454142739398
2022-10-13,System,0.6724999741666666
2022-10-14,Local,743.1747690346705
2022-10-14,System,10.329077217499998
2022-10-15,Local,1076.6215223636725
2022-10-15,System,12.512000854853333
2022-10-16,Local,2689.643636890787
2022-10-16,System,4.9908332799999995
2022-10-17,Local,2374.1208017945937
2022-10-17,System,2.6274998983333333
2022-10-18,Local,1079.473446389044
2022-10-18,System,2.4999464375000007
2022-10-19,Local,1869.6674099659147
2022-10-19,System,5.558188168333036
2022-10-20,Local,396.60029222628475
2022-10-20,System,60.715355010209805
2022-10-21,Local,1495.9280648078502
2022-10-21,System,22.952665716499766
2022-10-22,Local,6429.36842417421
2022-10-22,System,4.513332093333334
2022-10-23,Local,22551.436655285434
2022-10-23,System,7.642150407333332
2022-10-24,Local,9909.569446166755
2022-10-24,System,7.558017363333333
2022-10-25,Local,6129.4082010782095
2022-10-25,System,6.910705659166665
2022-10-26,Local,11486.82474635219
2022-10-26,System,19.300925237135424
2022-10-27,Local,4374.436635251331
2022-10-27,System,7.448999789999999
2022-10-28,Local,360.8463112134696
2022-10-28,System,1.5726884124999991
2022-10-29,Local,2026.9088870784076
2022-10-29,System,13.430655839166667
2022-10-30,Local,651.158554594733
2022-10-30,System,129.87169715478228
2022-10-31,Local,42.91797879259243
2022-10-31,System,40.8669557919574
2022-11-01,Local,195.20277817708597
2022-11-01,System,11.123637495833332
2022-11-02,Local,1158.3101797527117
2022-11-02,System,18.223625142499998
2022-11-03,Local,3136.4201229340324
2022-11-03,System,13.563099736666667
2022-11-04,Local,2250.340117021161
2022-11-04,System,61.441896532499996
2022-11-05,Local,17870.284566685346
2022-11-05,System,19.568519124166663
2022-11-06,Local,13456.818840144786
2022-11-06,System,10.705331976666667
2022-11-07,Local,40.71718049777535
2022-11-07,System,71.33616462749963
2022-11-08,Local,11.994577667580606
2022-11-08,System,63.3048609623621
2022-11-09,Local,6811.599817692302
2022-11-09,System,40.99676866192727
2022-11-10,Local,373.4025511518417
2022-11-10,System,52.847269395000666
2022-11-11,Local,598.6879742341337
2022-11-11,System,46.999757556164504
2022-11-12,Local,1744.7589672072122
2022-11-12,System,16.390913033333334
2022-11-13,Local,5849.636535147929
2022-11-13,System,6.564400926666665
2022-11-14,Local,194.94551636781915
2022-11-14,System,6.268333435
2022-11-15,Local,130.38549759580886
2022-11-15,System,8.055538919166667
2022-11-16,Local,1503.6492002792559
2022-11-16,System,6.372250916666666
2022-11-17,Local,492.18162074786215
2022-11-17,System,6.759101753333334
2022-11-18,Local,40.908784263633855
2022-11-18,System,41.56709038672172
2022-11-19,Local,2676.1628504538617
2022-11-19,System,17.97999963
2022-11-20,Local,2358.4963156741333
2022-11-20,System,3.9907718599999997
2022-11-21,Local,47.0579780287851
2022-11-21,System,14.030244402500001
2022-11-22,Local,1022.7586955888112
2022-11-22,System,11.318216389999998
2022-11-23,Local,2968.324663508146
2022-11-23,System,11.578349479166667
2022-11-24,Local,3477.287465837293
2022-11-24,System,2.3468225600000006
2022-11-25,Local,75.09845444230312
2022-11-25,System,27.980154740000817
2022-11-26,Local,869.192429705368
2022-11-26,System,8.077077964166666
2022-11-27,Local,957.6413920208528
2022-11-27,System,60.91898444269057
2022-11-28,Local,3827.9530334369674
2022-11-28,System,27.418419456828296
2022-11-29,Local,1062.0480581994102
2022-11-29,System,2.048333485833333
2022-11-30,Local,54.34436354889067
2022-11-30,System,28.951487100833333
2022-12-01,Local,39.76206143174103
2022-12-02,Local,6.20967686650097
2022-12-02,System,33.037903299166665
2022-12-03,Local,20.513564022630824
2022-12-03,System,6.062330246666608
2022-12-04,Local,51.63894483214152
2022-12-04,System,62.22040540666645
2022-12-05,Local,3056.326919164677
2022-12-05,System,4.320603239166676
2022-12-06,Local,272.05677291606423
2022-12-06,System,190.30155973555287
2022-12-07,Local,1484.8914878659048
2022-12-07,System,8.171728550833334
2022-12-08,Local,82.42375698577305
2022-12-08,System,10.426144916666665
2022-12-09,Local,818.265596619109
2022-12-09,System,0.1872888508333333
2022-12-10,Local,120.99221473991878
2022-12-10,System,5.945540955833333
2022-12-11,Local,100.31545165791705
2022-12-11,System,143.07572056887517
2022-12-12,Local,14.476064713551771
2022-12-12,System,9.649641514999967
2022-12-13,Local,207.2863987180543
2022-12-13,System,3.047266814485693
2022-12-14,Local,50.516004166311376
2022-12-14,System,66.93583419926516
2022-12-15,Local,14.638991493316142
2022-12-15,System,56.23490480583333
2022-12-16,Local,464.4449464304142
2022-12-16,System,1.3777346858333333
2022-12-17,Local,71.04922334364666
2022-12-17,System,44.061203420792204
2022-12-18,Local,145.23686749443405
2022-12-18,System,1.0374488149999999
2022-12-19,Local,366.2389195598308
2022-12-19,System,14.594166279166666
2022-12-20,Local,30.908635517296858
2022-12-20,System,39.554006817499996
2022-12-21,Local,155.19132864347972
2022-12-21,System,2.3900000949999995
2022-12-22,Local,75.76705879833298
2022-12-22,System,3.648231826666666
2022-12-23,Local,46.00637986290838
2022-12-23,System,38.802574742276484
2022-12-24,Local,1683.5971530089823
2022-12-24,System,8.687236335833335
2022-12-25,Local,5403.406341638567
2022-12-25,System,2.1825444799999993
2022-12-26,Local,54.37034528300932
2022-12-26,System,4.460632620833333
2022-12-27,Local,0.36000000916666663
2022-12-27,System,4.335383074999999
2022-12-28,Local,199.58927525368486
2022-12-28,System,523.3131773901196
2022-12-29,Local,11.108569016666324
2022-12-29,System,14.282975206666
2022-12-30,Local,118.04342828746577
2022-12-30,System,74.14383347500075
2022-12-31,Local,8.449151557499999
2022-12-31,System,37.47913574333406
2023-01-01,Local,4.904074324671566
2023-01-01,System,23.893211257916757
2023-01-02,Local,43.17749961333333
2023-01-02,System,44.65012621666666
2023-01-03,Local,83.43213389149345
2023-01-03,System,142.1205430538252
2023-01-04,Local,850.7220140769234
2023-01-04,System,2.8735306683333333
2023-01-05,Local,13.90938427233144
2023-01-05,System,19.342442230724995
2023-01-06,Local,649.5122736966683
2023-01-06,System,254.656838479845
2023-01-07,Local,178.8231378589573
2023-01-07,System,65.69404467857606
2023-01-08,Local,981.834373347941
2023-01-08,System,118.4995330106698
2023-01-09,System,17.04944021841523
2023-01-10,Local,73.76436311053708
2023-01-10,System,137.29068918044962
2023-01-11,Local,14.603065263511917
2023-01-11,System,29.57308521541864
2023-01-12,Local,79.88876916545263
2023-01-12,System,137.37127570687483
2023-01-13,Local,146.19544224003556
2023-01-13,System,27.748610266309655
2023-01-14,Local,5.14797231454374
2023-01-14,System,1.4016665775
2023-01-15,System,0.9216664633333332
2023-01-16,Local,61.88592405676534
2023-01-16,System,43.03408843833341
2023-01-17,Local,924.8896697869855
2023-01-17,System,28.366932009166664
2023-01-18,Local,3997.7606978281897
2023-01-18,System,29.098173647248686
2023-01-19,Local,616.1075529037648
2023-01-19,System,48.20113708916621
2023-01-20,Local,3432.60968256325
2023-01-20,System,46.6785092875
2023-01-21,Local,10340.930912074627
2023-01-21,System,37.63284993166659
2023-01-22,Local,3401.8094612142186
2023-01-22,System,3.4942456100000006
2023-01-23,Local,1367.4812897839354
2023-01-23,System,102.98617777583333
2023-01-24,Local,2163.7368600003024
2023-01-24,System,24.545333944166664
2023-01-25,Local,2417.352899928805
2023-01-25,System,96.529705547107
2023-01-26,Local,702.4239674040481
2023-01-26,System,787.1152073266318
2023-01-27,Local,2644.271439006893
2023-01-27,System,988.6770301842673
2023-01-28,Local,8688.49851600367
2023-01-28,System,323.15483042941514
2023-01-29,Local,2447.1777248913904
2023-01-29,System,224.04576238119097
2023-01-30,Local,494.9047158864272
2023-01-30,System,11.773283060833332
2023-01-31,Local,2515.9701348697868
2023-01-31,System,35.472831839166744
2023-02-01,Local,3045.8395982342836
2023-02-01,System,162.1086426425
2023-02-02,Local,2080.7865988638137
2023-02-02,System,20.002245559166667
2023-02-03,Local,49.54409480662028
2023-02-03,System,24.407499967499998
2023-02-04,Local,10918.525803169015
2023-02-04,System,38.637182895925584
2023-02-05,Local,23189.308774148652
2023-02-05,System,22.217901237172537
2023-02-06,Local,8430.215682339927
2023-02-06,System,487.7281737782315
2023-02-07,Local,3953.505883606026
2023-02-07,System,72.73582684696062
2023-02-08,Local,2878.7778693908162
2023-02-08,System,229.46434445504096
2023-02-09,Local,2418.551327333904
2023-02-09,System,236.30868102129907
2023-02-10,Local,467.5580635744658
2023-02-10,System,48.196020167340684
2023-02-11,Local,4398.888386485354
2023-02-11,System,215.2144142308333
2023-02-12,Local,674.696172431888
2023-02-12,System,6.114098034166668
2023-02-13,Local,2544.802173696949
2023-02-13,System,2282.146617798457
2023-02-14,Local,2126.6286976940755
2023-02-14,System,84.42749870208246
2023-02-15,Local,6007.823623125083
2023-02-15,System,4.845966691999718
2023-02-16,Local,6160.159290740483
2023-02-16,System,31.169319133333016
2023-02-17,Local,748.198305600663
2023-02-17,System,2313.9803762699357
2023-02-18,Local,9020.16661003054
2023-02-18,System,109.03148999425576
2023-02-19,Local,10932.887301145409
2023-02-19,System,11709.954424970683
2023-02-20,Local,9289.89236664936
2023-02-20,System,130.5510787532035
2023-02-21,Local,11553.770322781937
2023-02-21,System,327.13915037972447
2023-02-22,Local,6366.724085942405
2023-02-22,System,116.52322766598124
2023-02-23,Local,3085.215369218476
2023-02-23,System,3.5666669208333333
2023-02-24,Local,4264.1545405904235
2023-02-24,System,29.800521058333334
2023-02-25,Local,2256.0184962652843
2023-02-25,System,0.9535794358333334
2023-02-26,Local,19722.93693580204
2023-02-26,System,14.717328660833331
2023-02-27,Local,15289.524298852255
2023-02-27,System,16.445775864166663
2023-02-28,Local,13352.004685763102
2023-02-28,System,3.861832596666667
2023-03-01,Local,935.8257128970853
2023-03-01,System,30.787819613333333
2023-03-02,Local,7380.253111034915
2023-03-02,System,871.6033660141542
2023-03-03,Local,15785.724921297891
2023-03-03,System,300.49639696747664
2023-03-04,Local,15823.993637044201
2023-03-04,System,390.3450569266502
2023-03-05,Local,10037.512408203462
2023-03-05,System,110.58143271666667
2023-03-06,Local,12015.49165861144
2023-03-06,System,15.812857879166666
2023-03-07,Local,23157.558436285864
2023-03-07,System,41.42998561416667
2023-03-08,Local,17039.893163688284
2023-03-08,System,19.479063135
2023-03-09,Local,18115.78985886761
2023-03-09,System,1.8000934524999999
2023-03-10,Local,2166.182895964172
2023-03-10,System,172.43791042083333
2023-03-11,Local,2548.4385275490167
2023-03-11,System,39.98969165916667
2023-03-12,Local,26144.149188737585
2023-03-12,System,40.388096247499995
2023-03-13,Local,14474.821117551153
2023-03-13,System,69.24747637229787
2023-03-14,Local,651.3608378719522
2023-03-15,Local,4648.011670131518
2023-03-15,System,3218.373632063322
2023-03-16,Local,13430.512933947677
2023-03-16,System,2634.007944493559
2023-03-17,Local,41207.42826453836
2023-03-17,System,101.2804969322293
2023-03-18,Local,41587.68757650446
2023-03-18,System,109.025432504618
2023-03-19,Local,3559.945217503863
2023-03-19,System,14.419015241666647
2023-03-20,Local,4745.723817189428
2023-03-20,System,7177.785306175204
2023-03-21,Local,924.9258040439905
2023-03-21,System,1007.4538240523424
2023-03-22,Local,8714.676490596372
2023-03-22,System,1123.1851983585411
2023-03-23,Local,8914.283215994468
2023-03-23,System,4276.644640684417
2023-03-24,Local,7286.420116172735
2023-03-24,System,42985.40588190545
2023-03-25,Local,8757.79723479657
2023-03-25,System,53011.73185187037
2023-03-26,Local,7089.273685662176
2023-03-26,System,50315.56270942409
2023-03-27,Local,13671.285951420037
2023-03-27,System,20434.615219789877
2023-03-28,Local,14219.214138419897
2023-03-28,System,21.455882245833333
2023-03-29,Local,4409.155439284647
2023-03-29,System,10.054313277777748
2023-03-30,Local,20148.121958691456
2023-03-31,Local,48041.032248230564
2023-04-01,Local,17058.38799972893
2023-04-01,System,42565.02903948077
2023-04-02,Local,68787.72305960134
2023-04-02,System,7668.007489772403
2023-04-03,Local,23230.971054728732
2023-04-03,System,4783.482499221886
2023-04-04,Local,52483.93650801017
2023-04-04,System,271.7312335831506
2023-04-05,Local,45864.71127476677
2023-04-05,System,333.4546500172242
2023-04-06,Local,40157.14960123223
2023-04-06,System,4.94999992
2023-04-07,Local,20101.49861850427
2023-04-07,System,450.42477508812055
2023-04-08,Local,27688.829238351835
2023-04-08,System,1939.1177969695914
2023-04-09,Local,28815.21348728669
2023-04-09,System,544.2456124307624
2023-04-10,Local,7141.350149375601
2023-04-11,Local,6442.514089661807
2023-04-11,System,2195.3453371126457
2023-04-12,Local,6324.966553799001
2023-04-12,System,28.405581344373932
2023-04-13,Local,19452.637252584744
2023-04-13,System,2037.0639814187289
2023-04-14,Local,13984.055459605961
2023-04-14,System,245.40277497090887
2023-04-15,Local,12316.770234900101
2023-04-15,System,19827.494635400446
2023-04-16,Local,12028.209709435343
2023-04-16,System,5362.733676002158
2023-04-17,Local,15073.498688031023
2023-04-17,System,382.99318895380577
2023-04-18,Local,21635.74218714526
2023-04-18,System,1675.9829645164325
2023-04-19,Local,15637.880771897426
2023-04-19,System,37373.49447081074
2023-04-20,Local,12960.366984868413
2023-04-20,System,980.6041554181317
2023-04-21,Local,8042.82406287559
2023-04-21,System,1404.7516423748532
2023-04-22,Local,13993.346981949435
2023-04-22,System,1410.0928539618956
2023-04-23,Local,24038.309889102507
2023-04-23,System,4.6666664283333334
2023-04-24,Local,9244.8510962913
2023-04-24,System,42.10899837688538
2023-04-25,Local,7972.316348221064
2023-04-25,System,6.032066030000331
2023-04-26,Local,5459.8583293788615
2023-04-27,Local,6200.798358463571
2023-04-28,Local,6665.057465813464
2023-04-28,System,53.560369529999996
2023-04-29,Local,5364.536894386528
2023-04-29,System,25.415739156666664
2023-04-30,Local,6503.053960844231
2023-04-30,System,10392.436727532497
2023-05-01,Local,4521.424671349994
2023-05-01,System,62.840423420403454
2023-05-02,Local,3267.5202664402723
2023-05-02,System,776.9676768903322
2023-05-03,Local,4343.962730795496
2023-05-03,System,550.2830841080615
2023-05-04,Local,7520.591560203706
2023-05-04,System,794.9839352671972
2023-05-05,Local,8854.877757670361
2023-05-05,System,9264.746144818151
2023-05-06,Local,16498.492351930196
2023-05-06,System,29201.40626735527
2023-05-07,Local,3471.2065981831097
2023-05-07,System,65763.60073208086
2023-05-08,Local,17027.66567705975
2023-05-08,System,1570.4816508095278
2023-05-09,Local,2099.5189716858845
2023-05-09,System,6020.02795054338
2023-05-10,Local,26382.027489669596
2023-05-10,System,21729.32605237449
2023-05-11,Local,16582.9629156661
2023-05-11,System,3859.375813774853
2023-05-12,Local,3557.9787736293238
2023-05-12,System,1456.5467600120605
2023-05-13,Local,5515.266195084423
2023-05-13,System,7739.39062214036
2023-05-14,Local,3003.9787978983773
2023-05-14,System,9292.602555778774
2023-05-15,Local,1842.78420152783
2023-05-15,System,339.0754674105056
2023-05-16,Local,1418.722300108029
2023-05-16,System,147.79447124011753
2023-05-17,Local,2228.1283591342826
2023-05-17,System,101.87028381502732
2023-05-18,Local,1794.8443401487102
2023-05-18,System,109.38588703601619
2023-05-19,Local,1603.4411730358363
2023-05-19,System,169.28856574398804
2023-05-20,Local,1517.2085943561808
2023-05-20,System,166.1498650204279
2023-05-21,Local,1418.2710349886597
2023-05-21,System,2159.6157950884053
2023-05-22,Local,1485.9329762605976
2023-05-22,System,45.20470391137713
2023-05-23,Local,1947.7107800614838
2023-05-23,System,78.45828595131478
2023-05-24,Local,4431.233654144587
2023-05-24,System,1500.1406081484681
2023-05-25,Local,5197.282342600195
2023-05-25,System,1417.3792866485635
2023-05-26,Local,17530.223315819043
2023-05-26,System,1239.5299638524893
2023-05-27,Local,10301.71596894714
2023-05-27,System,9527.454262839521
2023-05-28,Local,5476.809531157704
2023-05-28,System,3265.183113384927
2023-05-29,Local,3031.695932720565
2023-05-29,System,1126.0177377429081
2023-05-30,Local,2933.5098324638006
2023-05-30,System,53.916510403509676
2023-05-31,Local,11730.341978074499
2023-05-31,System,1978.5390064996059
2023-06-01,Local,5579.524727640193
2023-06-01,System,762.8399649564738
2023-06-02,Local,3876.553457309136
2023-06-02,System,756.6568912250892
2023-06-03,Local,3903.289293227752
2023-06-03,System,8.277267265552986
2023-06-04,Local,3404.640394058613
2023-06-04,System,3.477299167169633
2023-06-05,Local,5301.656765866491
2023-06-05,System,7.559851628333335
2023-06-06,Local,14532.744395540602
2023-06-06,System,22.703023885198167
2023-06-07,Local,6806.368653999021
2023-06-07,System,61.73771626916666
2023-06-08,Local,2669.2581784049094
2023-06-08,System,5.33767533
2023-06-09,Local,2587.2043926324973
2023-06-09,System,317.92149516416697
2023-06-10,Local,952.5839381978143
2023-06-10,System,11.757624715
2023-06-11,Local,6021.20140433536
2023-06-11,System,2162.007718539816
2023-06-12,Local,5630.171047383535
2023-06-12,System,60.95944007833333
2023-06-13,Local,2135.7212701279705
2023-06-13,System,1189.5753908872477
2023-06-14,Local,1427.1271985224294
2023-06-14,System,2511.9187126932457
2023-06-15,Local,2574.786764305213
2023-06-15,System,70.49948490471411
2023-06-16,Local,1815.9246923030248
2023-06-16,System,82.34348278333333
2023-06-17,Local,4117.961608280891
2023-06-17,System,1619.1182691306904
2023-06-18,Local,24417.440635797273
2023-06-18,System,9181.559531878416
2023-06-19,Local,10241.347947181946
2023-06-19,System,9616.62695218611
2023-06-20,Local,18012.342297661464
2023-06-20,System,378.55477694459535
2023-06-21,Local,11634.940410534422
2023-06-21,System,29.42772896416665
2023-06-22,Local,3769.554133463621
2023-06-22,System,114.94937174083331
2023-06-23,Local,7839.526443357776
2023-06-23,System,125.75597188978173
2023-06-24,Local,3559.908152909529
2023-06-24,System,186.95073581735076
2023-06-25,Local,18413.09506875971
2023-06-25,System,78.46213765806952
2023-06-26,Local,1696.9621307204932
2023-06-26,System,87.75179615007076
2023-06-27,Local,2809.235778710097
2023-06-27,System,199.2821625075
2023-06-28,Local,3756.196557286486
2023-06-28,System,27.45266370098856
2023-06-29,Local,3307.2209456246546
2023-06-29,System,86.53095301916656
2023-06-30,Local,1311.5704714397018
2023-06-30,System,112.4862510725
2023-07-01,Local,1947.756120331351
2023-07-01,System,278.73104539830075
2023-07-02,Local,2072.5042186780447
2023-07-02,System,56.54257778750008
2023-07-03,Local,1223.1907498226951
2023-07-03,System,21.161619237499657
2023-07-04,Local,5163.06367004091
2023-07-04,System,142.95201978288597
2023-07-05,Local,1539.6210007145255
2023-07-05,System,114.30847285781502
2023-07-06,Local,2199.950452405645
2023-07-06,System,181.76774966583332
2023-07-07,Local,3145.3395415265154
2023-07-07,System,22.27173467833299
2023-07-08,Local,2282.7309982774104
2023-07-08,System,18.670488171666666
2023-07-09,Local,2579.1801295422183
2023-07-09,System,173.7772622364421
2023-07-10,Local,1754.3705693550507
2023-07-10,System,320.94235828610914
2023-07-11,Local,1168.602426559712
2023-07-11,System,84.05596620905001
2023-07-12,Local,1453.9797665577062
2023-07-12,System,6.249166647499999
2023-07-13,Local,2059.101235468274
2023-07-13,System,68.27155463583333
2023-07-14,Local,4800.10990739013
2023-07-14,System,341.23644529083305
2023-07-15,Local,1300.560601279283
2023-07-15,System,15.6383339875
2023-07-16,Local,609.4723192762765
2023-07-16,System,20.069205
2023-07-17,Local,1301.702624343295
2023-07-17,System,96.79179102073277
2023-07-18,Local,1835.3968646789435
2023-07-18,System,67.45553837191522
2023-07-19,Local,1309.3080117953625
2023-07-19,System,28.38408160082817
2023-07-20,Local,1039.4604380568042
2023-07-20,System,29.643123423292078
2023-07-21,Local,1082.0173387432458
2023-07-21,System,135.92316409918635
2023-07-22,Local,1137.6004849653377
2023-07-22,System,23.731685509999995
2023-07-23,Local,953.2039666699626
2023-07-23,System,53.027799820576604
2023-07-24,Local,1058.4669371406305
2023-07-24,System,75.32633914628762
2023-07-25,Local,2009.2064882550098
2023-07-25,System,24.58482459904209
2023-07-26,Local,1437.5507064254232
2023-07-26,System,61.19906211086098
2023-07-27,Local,1601.7944403995464
2023-07-27,System,24.936158285826323
2023-07-28,Local,1497.3048614065463
2023-07-28,System,88.35963641296765
2023-07-29,Local,1350.6355046653134
2023-07-29,System,200.61241201844365
2023-07-30,Local,1025.093737518921
2023-07-30,System,78.65651918023485
2023-07-31,Local,1066.067536758291
2023-07-31,System,16.379704123516742
2023-08-01,Local,1499.254350307373
2023-08-01,System,110.03356971521303
2023-08-02,Local,1413.3497127566975
2023-08-02,System,43.16981052263411
2023-08-03,Local,2065.2447840823224
2023-08-03,System,373.5963811348677
2023-08-04,Local,2318.4900398420755
2023-08-04,System,44.67558361658604
2023-08-05,Local,2499.2521188444643
2023-08-05,System,103.60603447426408
2023-08-06,Local,2498.4321864047224
2023-08-06,System,78.88098497342023
2023-08-07,Local,1423.6100823158565
2023-08-07,System,58.85765670562441
2023-08-08,Local,1124.618192246807
2023-08-08,System,60.48037205500151
2023-08-09,Local,1154.6388273470286
2023-08-09,System,13.78255885833235
2023-08-10,Local,660.6460215951013
2023-08-10,System,72.77724894883886
2023-08-11,Local,482.15914601756094
2023-08-11,System,42.734464109282264
2023-08-12,Local,1490.1262402346883
2023-08-12,System,27.764096225
2023-08-13,Local,832.075887196265
2023-08-13,System,35.132627306200796
2023-08-14,Local,1121.9079639338433
2023-08-14,System,122.26976566833332
2023-08-15,Local,854.1622037897861
2023-08-15,System,48.005663192499995
2023-08-16,Local,542.3859841767147
2023-08-16,System,41.47393312333333
2023-08-17,Local,813.553795761697
2023-08-17,System,107.26297288978729
2023-08-18,Local,942.893574475056
2023-08-18,System,51.77470160416679
2023-08-19,Local,763.699547161578
2023-08-19,System,134.00054303886736
2023-08-20,Local,50.494929159407725
2023-08-20,System,14.961623856666662
2023-08-21,Local,2567.032837700635
2023-08-21,System,107.88814970704654
2023-08-22,Local,2052.676719564473
2023-08-22,System,109.3967387309435
2023-08-23,Local,2348.1284820382484
2023-08-23,System,44.81102099166632
2023-08-24,Local,1562.9422270377327
2023-08-24,System,14.70322496291714
2023-08-25,Local,1819.106510455983
2023-08-25,System,75.44355929941713
2023-08-26,Local,2262.310517442674
2023-08-26,System,5.387322095333408
2023-08-27,Local,2476.9596277898654
2023-08-27,System,110.91382396442339
2023-08-28,Local,2337.771280967103
2023-08-28,System,55.99944836138038
2023-08-29,Local,1709.3813948311554
2023-08-29,System,70.7061487525
2023-08-30,Local,1298.6262388580494
2023-08-30,System,29.715697955000067
2023-08-31,Local,2026.2308102314928
2023-08-31,System,50.278705034576475
2023-09-01,Local,1524.2004997189692
2023-09-01,System,29.545833987499996
2023-09-02,Local,922.7850810487826
2023-09-02,System,38.419790217499994
2023-09-03,Local,1630.4837942649135
2023-09-03,System,269.9255943087671
2023-09-04,Local,13004.19040200498
2023-09-04,System,132.1224839563609
2023-09-05,Local,7262.448242698294
2023-09-05,System,3.243169399999997
2023-09-06,Local,1984.0543592568447
2023-09-06,System,10.012021700833332
2023-09-07,Local,2247.6515721966484
2023-09-07,System,20.539903851666665
2023-09-08,Local,1357.6933465828133
2023-09-08,System,11.324814343333324
2023-09-09,Local,1350.802120155918
2023-09-09,System,12.244281469611881
2023-09-10,Local,1055.6829517489457
2023-09-10,System,19.621204113333334
2023-09-11,Local,792.2732220265634
2023-09-11,System,63.16691414416666
2023-09-12,Local,1984.465766656701
2023-09-12,System,44.79340559916666
2023-09-13,Local,2122.4194417660588
2023-09-13,System,27.32696013166666
2023-09-14,Local,2274.121105110261
2023-09-14,System,8.727455763333333
2023-09-15,Local,2909.0744426614892
2023-09-15,System,1.5341668066666667
2023-09-16,Local,3134.8359664580007
2023-09-16,System,26.41332213602374
2023-09-17,Local,2644.5816979111473
2023-09-17,System,72.75689136499999
2023-09-18,Local,913.0969582505048
2023-09-18,System,341.07747165977554
2023-09-19,Local,1776.886345169628
2023-09-19,System,17.238457588333333
2023-09-20,Local,2054.5419022499073
2023-09-20,System,15.192851424166658
2023-09-21,Local,4096.567334587618
2023-09-21,System,31.009176118577663
2023-09-22,Local,2001.4112644850302
2023-09-22,System,41.188682702805245
2023-09-23,Local,2939.384191691262
2023-09-23,System,139.12450649051172
2023-09-24,Local,3140.196246141416
2023-09-24,System,8.122520609166667
2023-09-25,Local,1281.8558305315287
2023-09-25,System,20.890149225516804
2023-09-26,Local,950.594752589345
2023-09-26,System,34.947112633967095
2023-09-27,Local,1586.4064139727518
2023-09-27,System,86.99480599749994
2023-09-28,Local,1887.9084307459154
2023-09-28,System,33.22742304583333
2023-09-29,Local,930.6152769275624
2023-09-29,System,2.1250005566666665
2023-09-30,Local,2483.9503845405657
2023-09-30,System,168.64636083499965
2023-10-01,Local,4973.930043436409
2023-10-01,System,14.583196635833334
2023-10-02,Local,3407.4568018068812
2023-10-02,System,15.955115131818534
2023-10-03,Local,9074.54764619865
2023-10-03,System,3.8422529158333334
2023-10-04,Local,11992.14545171388
2023-10-04,System,1.8786426758333326
2023-10-05,Local,9142.063139020507
2023-10-05,System,17.338767251598348
2023-10-06,Local,5279.8535393244365
2023-10-06,System,6.510207627500663
2023-10-07,Local,1801.2680140263692
2023-10-07,System,88.87355356927377
2023-10-08,Local,1043.4244131191924
2023-10-08,System,85.49614533133249
2023-10-09,Local,6160.297657002131
2023-10-09,System,59.69640802916666
2023-10-10,Local,5550.151154443679
2023-10-10,System,6.1488211408333315
2023-10-11,Local,8140.968150730014
2023-10-12,Local,13222.41224787122
2023-10-12,System,1798.7304995486115
2023-10-13,Local,5853.715735669337
2023-10-13,System,32.4857265218716
2023-10-14,Local,6070.979811242639
2023-10-14,System,4258.731672774659
2023-10-15,Local,8510.6211811944
2023-10-15,System,4.975499605833333
2023-10-16,Local,4028.7554599716213
2023-10-16,System,9.5021665425
2023-10-17,Local,1904.2507019106358
2023-10-17,System,39.33333301416667
2023-10-18,Local,490.65289372637153
2023-10-18,System,17.366606826666725
2023-10-19,Local,461.0453133858531
2023-10-19,System,2.0637699623011247
2023-10-20,Local,415.0223061613114
2023-10-20,System,0.7013378508331675
2023-10-21,Local,466.1566782271232
2023-10-21,System,0.5702334608333333
2023-10-22,Local,8696.48054734925
2023-10-22,System,5.4433512933329995
2023-10-23,Local,10275.62886192494
2023-10-23,System,44.21726119833333
2023-10-24,Local,14018.910063386817
2023-10-24,System,13.849921749166665
2023-10-25,Local,14435.33400769056
2023-10-25,System,12.494123879999998
2023-10-26,Local,10501.083001268295
2023-10-26,System,41.714998117499995
2023-10-27,Local,6483.330271179218
2023-10-27,System,10.197402448333333
2023-10-28,Local,8233.871689349753
2023-10-29,Local,13266.10744605827
2023-10-29,System,1.5574133950787583
2023-10-30,Local,5609.848284870857
2023-10-31,Local,5132.409838541708
2023-10-31,System,177.81547375192335
2023-11-01,Local,3446.9162083657743
2023-11-01,System,0.5916666383333333
2023-11-02,Local,2474.6105968584534
2023-11-02,System,99.4960521325
2023-11-03,Local,165.03035010010936
2023-11-03,System,16.159837559166668
2023-11-04,Local,158.24378105344087
2023-11-04,System,503.66011662125544
2023-11-05,Local,1340.6765796385173
2023-11-05,System,13.656812640833333
2023-11-06,Local,6218.0791914063475
2023-11-06,System,15.256256291833965
2023-11-07,Local,4908.545430602673
2023-11-07,System,26.88230105613345
2023-11-08,Local,6841.602228670692
2023-11-09,Local,6905.407308718805
2023-11-09,System,2.214166593333333
2023-11-10,Local,2471.4777258473678
2023-11-11,Local,403.6337835854406
2023-11-11,System,5409.404616930904
2023-11-12,Local,419.1233689800348
2023-11-12,System,82.98942148764503
2023-11-13,Local,708.5792721262666
2023-11-13,System,2.2436385655338325
2023-11-14,Local,954.4381092318423
2023-11-15,System,0.28324871416666747
2023-11-16,Local,675.315310252165
2023-11-16,System,3.1441667558333335
2023-11-17,Local,73.57922309547993
2023-11-17,System,16.04750078833333
2023-11-18,Local,149.69668944556338
2023-11-19,Local,7428.746069478375
2023-11-19,System,4230.486764446592
2023-11-20,Local,6622.917440755446
2023-11-20,System,0.13416673666666667
2023-11-21,Local,1207.793273384521
2023-11-22,Local,995.0658547203456
2023-11-23,Local,181.04138268570995
2023-11-23,System,11.066166856666666
2023-11-24,Local,96.92079929026174
2023-11-24,System,0.8284219499999992
2023-11-25,Local,2379.676253484024
2023-11-25,System,19.41386165583333
2023-11-26,Local,1138.0894962999546
2023-11-27,Local,449.44900466028326
2023-11-27,System,6.7941618974999995
2023-11-28,Local,1015.361174638123
2023-11-29,Local,507.79556427129864
2023-11-30,Local,5.369166499999998
2023-11-30,System,2.5891676199999996
2023-12-01,Local,3180.618955307296
2023-12-01,System,13.781969468333632
2023-12-02,Local,4651.457869612842
2023-12-03,Local,87.974853325
2023-12-04,Local,602.7577448973168
2023-12-05,Local,984.1414715339831
2023-12-06,Local,3038.4591636695627
2023-12-06,System,3.0797765100000003
2023-12-07,Local,8358.108771492674
2023-12-08,Local,3318.054544005743
2023-12-08,System,4.0400001266666665
2023-12-09,Local,1589.5288611355559
2023-12-09,System,11.161311101666666
2023-12-10,Local,41.45288642457322
2023-12-11,Local,31.974793027778098
2023-12-12,Local,123.3295538987893
2023-12-12,System,31.047500101666664
2023-12-13,Local,21.661397752590926
2023-12-13,System,7.185521535833333
2023-12-14,System,1.1859170706100417
2023-12-15,Local,181.93557808857022
2023-12-15,System,0.65166666
2023-12-16,Local,64.86857242395506
2023-12-16,System,2.1958333275
2023-12-17,Local,22.293374661666665
2023-12-18,Local,0.5749999999999991
2023-12-18,System,0.9333333333333332
2023-12-19,Local,2369.5608871787554
2023-12-20,Local,1379.7655391770322
2023-12-20,System,1.1541665591666666
2023-12-22,System,5.61415779
2023-12-23,Local,46.286332476666665
2023-12-23,System,63.469826609999984
2023-12-24,Local,195.21817450186228
2023-12-25,Local,2993.8638827866444
2023-12-26,Local,26.86630451000083
2023-12-26,System,10.332592590000583
2023-12-27,Local,48.762500145
2023-12-28,Local,59.61997003825963
2023-12-28,System,2.447499998333333
2023-12-29,Local,3.648770895
2023-12-30,Local,479.2278139999966
2023-12-30,System,3.8933333049999996
2023-12-31,Local,27.03916666
2023-12-31,System,31.202437241666665
2024-01-01,Local,1645.65140333197
2024-01-02,Local,6.150000636666662
2024-01-03,Local,258.19984727293195
2024-01-04,Local,11.251341410920332
2024-01-05,Local,63.96999941916666
2024-01-05,System,1.7123766293989418
2024-01-06,Local,0.3169998733333317
2024-01-07,Local,953.4168233324267
2024-01-08,Local,2111.7513507877443
2024-01-08,System,1.5783333208333334
2024-01-09,Local,3711.6617372554606
2024-01-09,System,13.015153716666838
2024-01-10,Local,3189.545141921706
2024-01-10,System,7.783333019166666
2024-01-11,Local,4719.077725614385
2024-01-12,Local,3928.567054922218
2024-01-12,System,10.89566502
2024-01-13,Local,10124.70192441316
2024-01-13,System,14.818165900833332
2024-01-14,Local,14087.152372513032
2024-01-14,System,2.4247501466666668
2024-01-15,Local,5937.031398626362
2024-01-15,System,81.71323193725006
2024-01-16,Local,6894.858307475162
2024-01-17,Local,2709.7467768081224
2024-01-17,System,60.29745839999999
2024-01-18,Local,9871.456089951253
2024-01-18,System,2.1125000316666664
2024-01-19,Local,2176.0012643375035
2024-01-20,Local,67.53813938731845
2024-01-21,Local,12.619931730810375
2024-01-21,System,0.39666670499999995
2024-01-22,Local,18.644454497348175
2024-01-23,Local,24.508676926666666
2024-01-23,System,2.6646973291666667
2024-01-24,Local,38.93242207
2024-01-25,Local,1821.7781826099267
2024-01-26,Local,3536.822055290021
2024-01-26,System,0.8494570216666666
2024-01-27,Local,10591.724756748055
2024-01-27,System,1.1620258208333332
2024-01-28,Local,10984.271837749042
2024-01-28,System,1.5907924647801166
2024-01-29,Local,829.7819898796996
2024-01-29,System,14.300000050833333
2024-01-30,Local,326.3353202905211
2024-01-30,System,9.885921573238749
2024-01-31,Local,112.5814790316963
2024-01-31,System,6.147750189999999
2024-02-01,Local,30.866178085769977
2024-02-01,System,9.3616667216667
2024-02-02,Local,2825.278332879661
2024-02-02,System,39.75530097783905
2024-02-03,Local,9680.026247315378
2024-02-04,Local,48.66395713698575
2024-02-05,Local,68.04945267917833
2024-02-05,System,0.09437327916666667
2024-02-06,Local,125.51436847971226
2024-02-07,Local,478.160605796494
2024-02-07,System,8.005000039999999
2024-02-08,Local,137.17604446484577
2024-02-08,System,7.268332926666666
2024-02-09,Local,146.23303473222592
2024-02-09,System,0.8366666191667582
2024-02-10,Local,6540.682395687595
2024-02-10,System,47.363145505
2024-02-11,Local,17835.007116490775
2024-02-11,System,15.70609627483884
2024-02-12,Local,10818.162358435007
2024-02-12,System,228.66261772763727
2024-02-13,Local,8771.126823382698
2024-02-13,System,23.709352691666414
2024-02-14,Local,8696.063208304759
2024-02-14,System,34.02246785249987
2024-02-15,Local,7669.024710520641
2024-02-15,System,72.77172097025968
2024-02-16,Local,1613.354635672861
2024-02-16,System,8.539166776666665
2024-02-17,Local,107.02036358666666
2024-02-18,Local,23703.833995197467
2024-02-18,System,5.1199999641666665
2024-02-19,Local,1100.6766029745509
2024-02-19,System,40.15401390305558
2024-02-20,Local,220.57775646517058
2024-02-20,System,23.71103685500004
2024-02-21,Local,11632.918555662955
2024-02-21,System,0.2900000508333333
2024-02-22,Local,17696.341570666395
2024-02-22,System,55.19255101
2024-02-23,Local,1268.3080342508317
2024-02-23,System,1517.66189417783
2024-02-24,Local,5580.566697802619
2024-02-24,System,8376.337210903946
2024-02-25,Local,13295.180384771287
2024-02-25,System,1983.0900062295464
2024-02-26,Local,110.7300210285446
2024-02-26,System,6.140249873333331
2024-02-27,Local,18827.13070859304
2024-02-27,System,736.0603158500799
2024-02-28,Local,22337.61873035903
2024-02-28,System,40.27248230075816
2024-02-29,Local,24232.089188407877
2024-02-29,System,33.272168055
2024-03-01,Local,28332.927947753626
2024-03-01,System,51.64534228791219
2024-03-02,Local,6857.066358418634
2024-03-02,System,10.558996858333332
2024-03-03,Local,42254.32200929591
2024-03-04,Local,38662.12852324053
2024-03-04,System,342.0443222125
2024-03-05,Local,32128.751074259097
2024-03-05,System,15.868232166666665
2024-03-06,Local,9871.982829644085
2024-03-06,System,5.492588276666666
2024-03-07,Local,12975.823267882673
2024-03-08,Local,33147.00531952244
2024-03-08,System,8.35590453916675
2024-03-09,Local,30051.815899222624
2024-03-09,System,54.614166437499996
2024-03-10,Local,22976.16730394393
2024-03-10,System,45.280785019438746
2024-03-11,Local,28177.12572712842
2024-03-11,System,12.773773861666665
2024-03-12,Local,11853.044539934426
2024-03-12,System,436.2815423140184
2024-03-13,Local,24491.374001898457
2024-03-13,System,39.258621489999996
2024-03-14,Local,13542.788986743155
2024-03-14,System,74.55904995140386
2024-03-15,Local,8701.358682725095
2024-03-15,System,4.493583143333333
2024-03-16,Local,10583.066853511324
2024-03-16,System,80.37497950552783
2024-03-17,Local,32008.931982848564
2024-03-17,System,3.2849664166666663
2024-03-18,Local,17668.424078418702
2024-03-18,System,6.555922169583325
2024-03-19,Local,24425.489378598224
2024-03-19,System,178.6534338477141
2024-03-20,Local,29243.19020510803
2024-03-20,System,4025.4375043990967
2024-03-21,Local,39583.758724733416
2024-03-21,System,378.4740742927824
2024-03-22,Local,19137.226751443803
2024-03-22,System,41.340214483128
2024-03-23,Local,11992.789187627623
2024-03-23,System,76.03690927423051
2024-03-24,Local,11805.859031200294
2024-03-24,System,10.57248765156639
2024-03-25,Local,31197.71683596188
2024-03-25,System,72.58042139928206
2024-03-26,Local,25624.707177307835
2024-03-26,System,8158.235179267044
2024-03-27,Local,37392.16549060774
2024-03-27,System,802.6926396860538
2024-03-28,Local,31775.071525773776
2024-03-28,System,2.704803198853333
2024-03-29,Local,32747.473885726544
2024-03-29,System,7.865623631078413
2024-03-30,Local,6642.984176146515
2024-03-30,System,197.15843027083332
2024-03-31,Local,8568.627067605497
2024-03-31,System,618.8694857301713
2024-04-01,Local,21338.120804491467
2024-04-01,System,25.483446876011296
2024-04-02,Local,54926.86697190856
2024-04-02,System,392.1624771338367
2024-04-03,Local,48506.1744659345
2024-04-03,System,19.122562433333332
2024-04-04,Local,26976.897608452837
2024-04-04,System,18.602830000833332
2024-04-05,Local,18639.11370516548
2024-04-05,System,29.167657666666663
2024-04-06,Local,57413.04939816404
2024-04-06,System,1440.8251352863685
2024-04-07,Local,58117.25324393565
2024-04-07,System,808.5719351715911
2024-04-08,Local,36599.41438741209
2024-04-08,System,139.36479699537966
2024-04-09,Local,50682.86116846117
2024-04-09,System,551.9490235510262
2024-04-10,Local,26321.876010300683
2024-04-10,System,314.00489151749997
2024-04-11,Local,15924.948241232512
2024-04-11,System,1.6268792717454565
2024-04-12,Local,18976.196712841764
2024-04-12,System,131.12704691416667
2024-04-13,Local,15858.007123521991
2024-04-13,System,32.458885374916655
2024-04-14,Local,11693.103732865493
2024-04-14,System,1.3579169716666666
2024-04-15,Local,34231.307663977794
2024-04-15,System,107.55984896050738
2024-04-16,Local,34322.07732485769
2024-04-16,System,135.32581346458332
2024-04-17,Local,24558.21906875997
2024-04-17,System,8.231975357500007
2024-04-18,Local,8510.508323922972
2024-04-18,System,18.364324383333674
2024-04-19,Local,19266.48115163652
2024-04-19,System,17.577178138333334
2024-04-20,Local,16730.25654650184
2024-04-20,System,4819.735168419208
2024-04-21,Local,23497.246015504854
2024-04-21,System,1049.1528794507083
2024-04-22,Local,14137.353481595364
2024-04-22,System,195.80833166666665
2024-04-23,Local,14606.91151049029
2024-04-23,System,285.1391679125
2024-04-24,Local,18546.343892884397
2024-04-24,System,52.69131675152402
2024-04-25,Local,16738.821016180125
2024-04-25,System,75.22656116054792
2024-04-26,Local,10547.269654744281
2024-04-26,System,78.33277890916666
2024-04-27,Local,41302.39111327456
2024-04-27,System,3400.6248397723643
2024-04-28,Local,46118.02408522585
2024-04-28,System,1622.1581323180376
2024-04-29,Local,15669.168733300767
2024-04-29,System,8198.655718204873
2024-04-30,Local,11219.614669710161
2024-04-30,System,2420.9415275994243
2024-05-01,Local,13080.174964468497
2024-05-01,System,6933.2865502297345
2024-05-02,Local,10806.834344194342
2024-05-02,System,519.3282880053575
2024-05-03,Local,14583.232123690617
2024-05-04,Local,3010.9740447378913
2024-05-04,System,1.6825006241666658
2024-05-05,Local,41214.75570581993
2024-05-05,System,4744.383842783243
2024-05-06,Local,13950.733825930482
2024-05-06,System,21864.21284993585
2024-05-07,Local,17519.620659496497
2024-05-07,System,31869.286003801546
2024-05-08,Local,30314.197682619742
2024-05-08,System,1962.3092523814964
2024-05-09,Local,11545.780625268973
2024-05-09,System,52.31916676166666
2024-05-10,Local,6228.657763092966
2024-05-10,System,102.7537535337253
2024-05-11,Local,18035.549037466142
2024-05-11,System,12.522862786666666
2024-05-12,Local,23636.25008892256
2024-05-12,System,165.66282427199317
2024-05-13,Local,7266.088378541039
2024-05-13,System,104.17152279168982
2024-05-14,Local,7327.845131315583
2024-05-14,System,51.25885640833333
2024-05-15,Local,1980.5485287009558
2024-05-15,System,24.014042029162347
2024-05-16,Local,8212.085100853468
2024-05-16,System,4358.794431400442
2024-05-17,Local,20022.54210463147
2024-05-17,System,3703.1654309155037
2024-05-18,Local,23559.72507596713
2024-05-18,System,4504.405380185013
2024-05-19,Local,40266.14006766373
2024-05-19,System,17703.071523561935
2024-05-20,Local,12211.012224251612
2024-05-20,System,660.1981242237259
2024-05-21,Local,30946.99593892799
2024-05-21,System,44.743664552020256
2024-05-22,Local,25686.687859682526
2024-05-22,System,789.5683999000083
2024-05-23,Local,28947.567034657925
2024-05-23,System,577.4149310828941
2024-05-24,Local,15043.272113346678
2024-05-24,System,345.11972891124014
2024-05-25,Local,39918.42634105252
2024-05-25,System,3173.860315513456
2024-05-26,Local,52434.718925111054
2024-05-26,System,914.0084754657227
2024-05-27,Local,24606.548182919272
2024-05-27,System,99.47925382606998
2024-05-28,Local,7225.4578877659815
2024-05-28,System,218.07521247917816
2024-05-29,Local,8689.17529918041
2024-05-29,System,5828.9861087910485
2024-05-30,Local,11431.473461190457
2024-05-30,System,293.6886549450229
2024-05-31,Local,13788.056087919558
2024-05-31,System,159.13929317589688
2024-06-01,Local,27112.587089015004
2024-06-01,System,1225.5240322748593
2024-06-02,Local,26604.77227910754
2024-06-02,System,11553.497346945513
2024-06-03,Local,5394.92481496727
2024-06-03,System,952.4598755964423
2024-06-04,Local,3296.599588931967
2024-06-04,System,4597.865108877754
2024-06-05,Local,5233.013015114835
2024-06-05,System,3023.655406008776
2024-06-06,Local,2840.080370924686
2024-06-06,System,595.3354349865009
2024-06-07,Local,6441.3802131801285
2024-06-07,System,231.24116669416665
2024-06-08,Local,3997.127983872734
2024-06-08,System,1290.9293817477924
2024-06-09,Local,11214.506627392611
2024-06-09,System,7125.606783973883
2024-06-10,Local,3253.70480227516
2024-06-10,System,1461.5896734525
2024-06-11,Local,2777.941639687785
2024-06-11,System,1342.7683592169824
2024-06-12,Local,4663.280322955289
2024-06-12,System,798.6983161678945
2024-06-13,Local,5278.8208770860565
2024-06-13,System,88.17304536376363
2024-06-14,Local,1558.5341758729505
2024-06-14,System,1072.425765933756
2024-06-15,Local,5465.520792064294
2024-06-15,System,3703.711645883345
2024-06-16,Local,9587.607663888664
2024-06-16,System,8238.773367387605
2024-06-17,Local,11033.107080229496
2024-06-17,System,5210.315528518615
2024-06-18,Local,8224.623612171767
2024-06-18,System,2599.5367016433593
2024-06-19,Local,5526.771073541883
2024-06-19,System,3752.47502795721
2024-06-20,Local,3939.046726433793
2024-06-20,System,1203.448859605
2024-06-21,Local,2146.3158709420677
2024-06-21,System,935.6695413087792
2024-06-22,Local,1683.6444999016862
2024-06-22,System,93.31220222340083
2024-06-23,Local,1528.108266220874
2024-06-23,System,41.33136826388875
2024-06-24,Local,1045.0595897194353
2024-06-24,System,408.16458868308376
2024-06-25,Local,1489.3065688066442
2024-06-25,System,265.9785877228048
2024-06-26,Local,2094.4872891640975
2024-06-26,System,635.4032676132441
2024-06-27,Local,3261.3942416715618
2024-06-27,System,2699.7719888513247
2024-06-28,Local,3546.757260514661
2024-06-28,System,2744.2889456714474
2024-06-29,Local,3823.91477338643
2024-06-29,System,282.9144316756821
2024-06-30,Local,3889.564093783705
2024-06-30,System,1676.2824827938718
2024-07-01,Local,2879.7432675282002
2024-07-01,System,2432.8860565779396
2024-07-02,Local,2411.707859837987
2024-07-02,System,1219.2527517434926
2024-07-03,Local,1787.335522201121
2024-07-03,System,1996.6591698909574
2024-07-04,Local,1572.8445718254259
2024-07-04,System,527.3012552284451
2024-07-05,Local,1853.0836418796844
2024-07-05,System,1637.9190478965015
2024-07-06,Local,1643.7473875748558
2024-07-06,System,183.8155979275
2024-07-07,Local,1580.21442058118
2024-07-07,System,34.68734244111058
2024-07-08,Local,1406.788007215202
2024-07-08,System,278.32751829666705
2024-07-09,Local,1419.7941357936215
2024-07-09,System,20.869453381666577
2024-07-10,Local,1574.876990046405
2024-07-10,System,412.1422307824997
2024-07-11,Local,1375.9337443298975
2024-07-11,System,522.0510660770242
2024-07-12,Local,1357.5163844843635
2024-07-12,System,414.3260487075496
2024-07-13,Local,711.7500620760982
2024-07-13,System,215.70239911213744
2024-07-14,Local,2190.060725637762
2024-07-14,System,27.244358522499997
2024-07-15,Local,653.4427709970171
2024-07-15,System,380.7155303632388
2024-07-16,Local,804.8631306029716
2024-07-16,System,511.8394701444157
2024-07-17,Local,1719.1406985884817
2024-07-17,System,199.53549483416705
2024-07-18,Local,973.0008319321901
2024-07-18,System,144.0379133875
2024-07-19,Local,1354.7158221307504
2024-07-19,System,396.8181037213972
2024-07-20,Local,1197.608215803151
2024-07-20,System,58.145641060833725
2024-07-21,Local,1712.2628145715046
2024-07-21,System,31.54451930283285
2024-07-22,Local,1861.501766449905
2024-07-22,System,112.8747635428342
2024-07-23,Local,1478.2926918312658
2024-07-23,System,85.5238398775
2024-07-24,Local,1197.3424694571531
2024-07-24,System,43.528240291784826
2024-07-25,Local,1224.348599458842
2024-07-25,System,147.9039688083337
2024-07-26,Local,1302.7765554362884
2024-07-26,System,416.9232441118296
2024-07-27,Local,2618.564587103647
2024-07-27,System,1688.1609253646402
2024-07-28,Local,3108.9584084387247
2024-07-28,System,2032.9040408427452
2024-07-29,Local,1907.6254633787548
2024-07-29,System,596.3640220543954
2024-07-30,Local,2243.0351878256743
2024-07-30,System,485.6400007816666
2024-07-31,Local,1226.35510866105
2024-07-31,System,28.88776754833391
2024-08-01,Local,1622.7925512869253
2024-08-01,System,25.232428389999583
2024-08-02,Local,194.26692320630457
2024-08-02,System,48.722295841665485
2024-08-03,Local,956.5716557037762
2024-08-03,System,81.59258436784012
2024-08-04,Local,1720.584863430971
2024-08-04,System,168.1935840267831
2024-08-05,Local,1879.1382059643608
2024-08-05,System,658.7375642970841
2024-08-06,Local,1929.0730003920603
2024-08-06,System,1021.6157549521571
2024-08-07,Local,1556.1863130516163
2024-08-07,System,787.283992629008
2024-08-08,Local,1432.045585543989
2024-08-08,System,101.01350695416676
2024-08-09,Local,1234.4218284670355
2024-08-09,System,82.75308908604109
2024-08-10,Local,1896.2715616526941
2024-08-10,System,87.44001924752774
2024-08-11,Local,2424.7792907611843
2024-08-11,System,26.966233212916496
2024-08-12,Local,1332.1145781248213
2024-08-12,System,246.75270686041404
2024-08-13,Local,1773.0300563811893
2024-08-13,System,40.61499612583342
2024-08-14,Local,2207.674183842275
2024-08-14,System,56.68586988262548
2024-08-15,Local,4376.162246103998
2024-08-15,System,62.21983964253331
2024-08-16,Local,1560.0660323888692
2024-08-16,System,11.708755520833526
2024-08-17,Local,952.7502008210658
2024-08-17,System,0.8110842741666641
2024-08-18,Local,5076.081354791329
2024-08-18,System,6.052499454166666
2024-08-19,Local,1423.2729976932135
2024-08-19,System,20.607001662501172
2024-08-20,Local,2247.7370329086393
2024-08-20,System,11.642912192499416
2024-08-21,Local,1716.6230148659465
2024-08-21,System,43.123655859500744
2024-08-22,Local,2773.4637898433725
2024-08-22,System,25.134670984166664
2024-08-23,Local,4097.830865182832
2024-08-23,System,2.6741669324999977
2024-08-24,Local,3711.1569459856105
2024-08-24,System,1343.7889614472256
2024-08-25,Local,5735.0044190889885
2024-08-25,System,889.830035853724
2024-08-26,Local,2625.197960192407
2024-08-26,System,0.17250010166666666
2024-08-27,Local,1380.6191219072605
2024-08-27,System,81.07351688083332
2024-08-28,Local,2136.2610136414555
2024-08-28,System,51.80316861249779
2024-08-29,Local,1105.3364401963297
2024-08-29,System,38.12899645307094
2024-08-30,Local,1290.2303747553844
2024-08-30,System,7.962149568940217
2024-08-31,Local,1331.28452468392
2024-08-31,System,21.976636385639996
2024-09-01,Local,1232.3673484209312
2024-09-01,System,55.40900250262324
2024-09-02,Local,1560.7162772628917
2024-09-02,System,10.686166521666657
2024-09-03,Local,1625.2220490054133
2024-09-03,System,41.96108431416666
2024-09-04,Local,1401.0184677217192
2024-09-04,System,18.636566454166164
2024-09-05,Local,2333.642791079974
2024-09-05,System,178.90515988922394
2024-09-06,Local,1132.6399030596108
2024-09-06,System,170.12460285671443
2024-09-07,Local,966.0794204567917
2024-09-07,System,131.21915549910932
2024-09-08,Local,1085.8461984818075
2024-09-08,System,99.71233401933364
2024-09-09,Local,1215.9526856585433
2024-09-09,System,10.9249095925
2024-09-10,Local,1105.720029462932
2024-09-10,System,88.18150505027967
2024-09-11,Local,1436.4182764568402
2024-09-11,System,49.48632273866342
2024-09-12,Local,5556.567894097264
2024-09-12,System,1678.3017659380891
2024-09-13,Local,4905.426432266207
2024-09-13,System,28.578320981104415
2024-09-14,Local,4703.987021054578
2024-09-14,System,7.781046009167032
2024-09-15,Local,6485.961707388564
2024-09-15,System,117.89076067255444
2024-09-16,Local,9127.578643495197
2024-09-16,System,12.52140445166669
2024-09-17,Local,19289.313554580945
2024-09-17,System,3449.9773856368843
2024-09-18,Local,3521.4214353556918
2024-09-18,System,542.5860324506267
2024-09-19,Local,1191.4432361224924
2024-09-19,System,39.03531121652575
2024-09-20,Local,3189.2130305104697
2024-09-20,System,29.58198688
2024-09-21,Local,10514.47031562203
2024-09-22,Local,9409.777685690866
2024-09-22,System,6.0541664766667065
2024-09-23,Local,6226.892185085426
2024-09-23,System,15.340838498333065
2024-09-24,Local,1898.295576816428
2024-09-24,System,11.516685356666667
2024-09-25,Local,2147.475497946607
2024-09-25,System,10.213366260446499
2024-09-26,Local,1699.179102198785
2024-09-26,System,106.74885199000025
2024-09-27,Local,1094.3380857084962
2024-09-27,System,173.0612713316671
2024-09-28,Local,1747.6298013565856
2024-09-28,System,0.9275990933333325
2024-09-29,Local,3964.0497985044863
2024-09-29,System,29.58916654583333
2024-09-30,Local,1858.5750284404992
2024-09-30,System,0.09916665416666666
2024-10-01,Local,1575.1494731872544
2024-10-02,Local,2663.038054521732
2024-10-02,System,4.265551775
2024-10-03,Local,2066.009364733948
2024-10-03,System,5.583333078333333
2024-10-04,Local,1152.897348452686
2024-10-04,System,4.3449547572233875
2024-10-05,Local,1035.043688315934
2024-10-05,System,142.89831254250137
2024-10-06,Local,1728.013336446302
2024-10-06,System,254.11064470916608
2024-10-07,Local,3413.3294684041875
2024-10-07,System,49.0226015452
2024-10-08,Local,3915.1515655832563
2024-10-08,System,246.86716346339853
2024-10-09,Local,7312.821988383083
2024-10-09,System,298.1180736305474
2024-10-10,Local,5569.219682723023
2024-10-10,System,92.89719459861207
2024-10-11,Local,5488.936639760841
2024-10-11,System,12.263065405833332
2024-10-12,Local,10092.087401533403
2024-10-12,System,0.3283331041666666
2024-10-13,Local,5838.4951747256755
2024-10-13,System,1.8055830749999981
2024-10-14,Local,2877.835294147492
2024-10-14,System,14.504166641666666
2024-10-15,Local,870.795623224422
2024-10-15,System,14.107499679999998
2024-10-16,Local,607.2806568101086
2024-10-16,System,28.72308219166692
2024-10-17,Local,8179.994925490541
2024-10-17,System,131.47851057999966
2024-10-18,Local,7564.328350335096
2024-10-18,System,5.633891019999999
2024-10-19,Local,14968.690873044534
2024-10-19,System,61.67907752666666
2024-10-20,Local,9691.434376078014
2024-10-20,System,0.3139166666666666
2024-10-21,Local,10379.364997956633
2024-10-22,Local,6409.370376314032
2024-10-23,Local,7245.649799290366
2024-10-23,System,17.64915918749989
2024-10-24,Local,5667.509749385717
2024-10-24,System,80.32261896166666
2024-10-25,Local,2533.856424954871
2024-10-25,System,17.89409065
2024-10-26,Local,672.4695450457128
2024-10-26,System,9.997499110833333
2024-10-27,Local,121.59346285438723
2024-10-27,System,1.6749997458333334
2024-10-28,Local,1120.4167658666827
2024-10-28,System,10.5596668275
2024-10-29,Local,3800.2083228448696
2024-10-29,System,5.104409279999999
2024-10-30,Local,5243.096494097407
2024-10-30,System,14.312500304999999
2024-10-31,Local,9057.13694470209
2024-10-31,System,10.87559593845668
2024-11-01,Local,2507.4112693224206
2024-11-01,System,48.971448646666715
2024-11-02,Local,601.7983245548154
2024-11-02,System,92.18466548916675
2024-11-03,Local,17822.628028194475
2024-11-03,System,158.90368713027024
2024-11-04,Local,6611.918560482785
2024-11-04,System,1.4886620183333332
2024-11-05,Local,430.5124332598727
2024-11-05,System,0.09916664083333417
2024-11-06,Local,10111.308689083025
2024-11-06,System,20.499553968171586
2024-11-07,Local,1600.863455691421
2024-11-07,System,3.1979989941666664
2024-11-08,Local,490.18402263725307
2024-11-08,System,1.5844171116666665
2024-11-09,Local,8378.896748723895
2024-11-09,System,6.9963255575007
2024-11-10,Local,8035.2804725542655
2024-11-10,System,2.47416687
2024-11-11,Local,746.8953023055403
2024-11-12,Local,6376.573240643461
2024-11-12,System,6.7741657983333345
2024-11-13,Local,980.1694521237786
2024-11-13,System,0.7125000383333333
2024-11-14,Local,4558.807325384601
2024-11-14,System,2.2541668525
2024-11-15,Local,12637.556275677227
2024-11-15,System,8.14583525
2024-11-16,Local,22372.65829594619
2024-11-16,System,4.0331084725
2024-11-17,Local,12171.342102211252
2024-11-17,System,0.12500001916666664
2024-11-18,Local,18300.14576743316
2024-11-18,System,6.975000153333333
2024-11-19,Local,7412.4335574459665
2024-11-19,System,1.1066669716666666
2024-11-20,Local,1415.9694280943156
2024-11-20,System,6.898627131666666
2024-11-21,Local,417.5364274068839
2024-11-21,System,2.480000115
2024-11-22,Local,1135.5617655448928
2024-11-23,Local,23.23404570724786
2024-11-24,Local,2931.8538399702697
2024-11-24,System,4.361702328994367
2024-11-25,Local,103.23729215915607
2024-11-26,Local,0.7049999233333333
2024-11-26,System,1.692499923333333
2024-11-27,Local,95.74623603456303
2024-11-27,System,6.518816447499997
2024-11-28,Local,230.96865013837166
2024-11-29,Local,4.825548684166666
2024-11-29,System,14.251593607499998
2024-11-30,Local,5.802462877777746
2024-11-30,System,4.055982933333333
2024-12-01,Local,112.18531424239293
2024-12-01,System,0.34749989833333333
2024-12-02,Local,186.18949717160305
2024-12-02,System,0.13916679416666583
2024-12-03,Local,20.11004739807207
2024-12-03,System,0.21499988583333332
2024-12-04,Local,173.44868760819898
2024-12-05,Local,157.8377312823727
2024-12-05,System,1.2689709486111092
2024-12-06,Local,12.699661749999995
2024-12-06,System,0.4885835624999991
2024-12-07,Local,30.542778463888908
2024-12-07,System,2.8218264816666663
2024-12-08,Local,128.53693516737053
2024-12-08,System,6.448016160413059
2024-12-09,Local,226.9787543263316
2024-12-10,Local,5210.129647411601
2024-12-11,Local,97.90761100644865
2024-12-11,System,40.55691670833333
2024-12-12,Local,62.93027354565525
2024-12-12,System,25.870832942499998
2024-12-13,Local,147.34024668256924
2024-12-13,System,5.031000073333333
2024-12-14,Local,3999.5024184154113
2024-12-14,System,20.336249996666666
2024-12-15,Local,7307.624824772189
2024-12-15,System,1.2233334608333333
2024-12-16,Local,39.81690198855483
2024-12-16,System,28.772249048333325
2024-12-17,Local,129.6127294866645
2024-12-17,System,54.50202637166666
2024-12-18,Local,391.77946588065157
2024-12-18,System,31.519133994999997
2024-12-19,Local,29.164333471666666
2024-12-19,System,30.060274708333328
2024-12-20,Local,330.460505711853
2024-12-20,System,40.387083829999995
2024-12-21,Local,23.246907335695198
2024-12-21,System,1.4699999933333332
2024-12-22,Local,0.563333295
2024-12-22,System,10.079250689999999
2024-12-23,Local,18.325333970833327
2024-12-23,System,21.260084544166663
2024-12-24,Local,30.2517494775
2024-12-24,System,51.11694513
2024-12-25,Local,34.308441073307705
2024-12-25,System,31.041249522499996
2024-12-26,Local,126.62789036371859
2024-12-26,System,149.7495283049415
2024-12-27,Local,1166.9906923943236
2024-12-27,System,12.153332400833333
2024-12-28,Local,1.7490834858333317
2024-12-28,System,25.911666105833326
2024-12-29,Local,214.08686119245056
2024-12-29,System,2.5908332316666662
2024-12-30,Local,160.79306440701816
2024-12-30,System,792.5824710111772
2024-12-31,Local,431.48575117334605
2024-12-31,System,5.543106822500059
2025-01-01,Local,2275.4227735874842
2025-01-02,Local,1662.2523867634548
2025-01-02,System,2.804206315000029
2025-01-03,Local,23.671053965833174
2025-01-03,System,8.963333561666666
2025-01-04,Local,2317.185872953251
2025-01-04,System,1.9312499875000333
2025-01-05,Local,270.7150147713554
2025-01-05,System,12.823916883333332
2025-01-06,Local,1069.0674902970504
2025-01-06,System,16.57591618333333
2025-01-07,Local,3006.308882287454
2025-01-07,System,4.194167009999999
2025-01-08,Local,1799.8083411444638
2025-01-08,System,2.8816668191666666
2025-01-09,Local,3868.445000906998
2025-01-09,System,1.4972231799999507
2025-01-10,Local,3513.441721435486
2025-01-10,System,5.315583484166665
2025-01-11,Local,7904.903575779839
2025-01-11,System,4852.726629704686
2025-01-12,Local,3644.051828133458
2025-01-12,System,0.28839999999999916
2025-01-13,Local,2844.176814094767
2025-01-13,System,0.6673367916666667
2025-01-14,Local,4512.096584297394
2025-01-14,System,1.6907497708333332
2025-01-15,Local,7050.428824998402
2025-01-15,System,2.7562767817628995
2025-01-16,Local,818.5131407898523
2025-01-16,System,5.6244014191666665
2025-01-17,Local,16383.908286138534
2025-01-17,System,755.1269962594744
2025-01-18,Local,2323.2215528892957
2025-01-18,System,236.87996336277257
2025-01-19,Local,1179.5671915251035
2025-01-19,System,26.688134459999997
2025-01-20,Local,1845.2829628215275
2025-01-20,System,49.65156015138889
2025-01-21,Local,4744.614366325949
2025-01-21,System,5.065833021666742
2025-01-22,Local,636.7098681125897
2025-01-22,System,38.551028565666726
2025-01-23,Local,7869.979985409217
2025-01-23,System,74.87204508451275
2025-01-24,Local,5987.423326134046
2025-01-24,System,32.287089865000354
2025-01-25,Local,773.4562173192429
2025-01-25,System,15.541833078333331
2025-01-26,Local,680.9687149369539
2025-01-26,System,73.71359133805518
2025-01-27,Local,1211.325718787822
2025-01-27,System,23.664166539166647
2025-01-28,Local,4841.15551807431
2025-01-28,System,3.0324998150000373
2025-01-29,Local,11939.192426909029
2025-01-29,System,3.5416671300000293
2025-01-30,Local,13636.577768737307
2025-01-30,System,3.5890138333333246
2025-01-31,Local,3361.263364175034
2025-01-31,System,2.560238905
2025-02-01,Local,11410.559262261151
2025-02-01,System,40.863348609999996
2025-02-02,Local,37018.800463475556
2025-02-02,System,68.272209551868
2025-02-03,Local,4519.55104223639
2025-02-03,System,2.3435835624999983
2025-02-04,Local,15730.742530995214
2025-02-04,System,90.51816617337575
2025-02-05,Local,12266.708520723769
2025-02-05,System,3974.4955269212187
2025-02-06,Local,6406.376682377147
2025-02-06,System,26.634290426666666
2025-02-07,Local,1288.4236160014887
2025-02-07,System,15.80583463
2025-02-08,Local,26809.89515089159
2025-02-08,System,1516.2312703094526
2025-02-09,Local,9955.662446168699
2025-02-09,System,37.45234693708999
2025-02-10,Local,11787.97514200254
2025-02-10,System,12.79066605583343
2025-02-11,Local,18411.396651082658
2025-02-11,System,3.438333613333333
2025-02-12,Local,526.4619599624024
2025-02-12,System,18.506486679999462
2025-02-13,Local,1142.8612654976948
2025-02-13,System,3.875832875833333
2025-02-14,Local,12620.39212690517
2025-02-14,System,16.977920192144264
2025-02-15,Local,25664.93754016224
2025-02-16,Local,8799.290040841688
2025-02-16,System,136.03420104166665
2025-02-17,Local,17316.12370542589
2025-02-17,System,4.207220488333017
2025-02-18,Local,23420.877396470212
2025-02-18,System,0.3558333716666666
2025-02-19,Local,9846.645190723562
2025-02-19,System,25.306000136666775
2025-02-20,Local,16423.137356875708
2025-02-20,System,1029.59369987565
2025-02-21,Local,15813.511877065841
2025-02-21,System,189.91337669031418
2025-02-22,Local,39174.359636082256
2025-02-22,System,2946.8816078893606
2025-02-23,Local,53138.276217645325
2025-02-23,System,43.172970443435226
2025-02-24,Local,33493.80273568516
2025-02-24,System,18.537746167768848
2025-02-25,Local,26647.645565718256
2025-02-25,System,10000.148406090642
2025-02-26,Local,28017.368539616506
2025-02-26,System,77.30670332051196
2025-02-27,Local,13063.434541316086
2025-02-27,System,48.1152064323642
2025-02-28,Local,1422.4444596635615
2025-02-28,System,37.25116995000004
2025-03-01,Local,13397.180211453899
2025-03-01,System,388.2392340399011
2025-03-02,Local,21589.909105142433
2025-03-02,System,1659.8423473261375
2025-03-03,Local,8297.34323858585
2025-03-03,System,3675.479896212238
2025-03-04,Local,27303.456433696276
2025-03-04,System,2447.713576541326
2025-03-05,Local,3.6844152394939496
2025-03-05,System,2.5566668641666666
2025-03-06,Local,7597.3995124715075
2025-03-06,System,32.89900421083334
2025-03-07,Local,8123.265298841373
2025-03-07,System,1898.885254898194
2025-03-08,Local,24374.74135859188
2025-03-08,System,24208.166719258334
2025-03-09,Local,16097.105205273972
2025-03-09,System,39886.776896125695
2025-03-10,Local,40640.80986497075
2025-03-10,System,1482.5882723248628
2025-03-11,Local,2986.433044627795
2025-03-12,Local,7442.809896225736
2025-03-12,System,3.73212897166672
2025-03-13,Local,2420.410874589585
2025-03-13,System,463.440133269122
2025-03-14,Local,1853.5139977430492
2025-03-14,System,220.7991883517954
2025-03-15,Local,59898.25890093224
2025-03-15,System,23.182696837499996
2025-03-16,Local,40822.39646892593
2025-03-16,System,193.44945064128916
2025-03-17,Local,11989.866986876556
2025-03-17,System,51.0512181636347
2025-03-18,Local,63608.88152374273
2025-03-18,System,741.8076842478275
2025-03-19,Local,59315.09020597446
2025-03-19,System,1062.987904144734
2025-03-20,Local,27403.543028090764
2025-03-20,System,32875.350872404415
2025-03-21,Local,35926.817368945514
2025-03-21,System,11142.765252730904
2025-03-22,Local,40266.39314218795
2025-03-22,System,9657.52868135534
2025-03-23,Local,14518.126091896582
2025-03-23,System,34985.11824951861
2025-03-24,Local,31067.141010595176
2025-03-24,System,4949.481069465427
2025-03-25,Local,11893.757295493895
2025-03-25,System,659.7496662802087
2025-03-26,Local,4894.665978332855
2025-03-26,System,1428.587730868045
2025-03-27,Local,7122.990853888975
2025-03-27,System,27532.199059205963
2025-03-28,Local,770.8166650945304
2025-03-28,System,19803.613450081135
2025-03-29,Local,8174.171177171561
2025-03-29,System,55626.475821951426
2025-03-30,Local,5688.114547269413
2025-03-30,System,33601.29343955661
2025-03-31,Local,814.6947145242199
2025-03-31,System,1985.994272592589
2025-04-01,Local,24395.675456286725
2025-04-01,System,26.053251827291962
2025-04-02,Local,12099.444059996413
2025-04-02,System,6361.311453687946
2025-04-03,Local,22584.279468696113
2025-04-03,System,63.029884722780245
2025-04-04,Local,23025.596467932886
2025-04-04,System,990.3987447734305
2025-04-05,Local,63734.44277127839
2025-04-05,System,96.37995771418426
2025-04-06,Local,54078.14168770438
2025-04-06,System,906.5736450277117
2025-04-07,Local,17802.73439805062
2025-04-07,System,20.02720176322939
2025-04-08,Local,27476.301097847816
2025-04-08,System,7773.812312565643
2025-04-09,Local,23139.30582334586
2025-04-09,System,682.6382575202979
2025-04-10,Local,23145.439320513015
2025-04-10,System,7.389166845
2025-04-11,Local,13660.779743562658
2025-04-11,System,170.03414477
2025-04-12,Local,15499.448094843206
2025-04-12,System,18695.367753214563
2025-04-13,Local,14501.45942742259
2025-04-13,System,17497.0222810185
2025-04-14,Local,4457.844888635019
2025-04-14,System,203.23992592
2025-04-15,Local,8392.491444892223
2025-04-15,System,89.1902246658334
2025-04-16,Local,12842.603119198404
2025-04-16,System,132.4001475470388
2025-04-17,Local,14586.459329475047
2025-04-17,System,33.07906145551158
2025-04-18,Local,8099.945725403304
2025-04-18,System,175.31977317333332
2025-04-19,Local,12691.77994003146
2025-04-19,System,42144.27782083254
2025-04-20,Local,19639.262087852137
2025-04-20,System,44530.90166691433
2025-04-21,Local,17556.62592175134
2025-04-21,System,2086.108059850977
2025-04-22,Local,16214.25168327089
2025-04-22,System,63.50624947667683
2025-04-23,Local,28086.408043564923
2025-04-23,System,1140.037353230398
2025-04-24,Local,12984.539083681397
2025-04-24,System,1178.7495362339957
2025-04-25,Local,4167.368124642114
2025-04-25,System,19.959166634166667
2025-04-26,Local,9249.569729998993
2025-04-26,System,1.521666845
2025-04-27,Local,26656.777632332916
2025-04-27,System,16.067725161633184
2025-04-28,Local,18695.763536893057
2025-04-28,System,4294.484948824769
2025-04-29,Local,19023.94623361324
2025-04-29,System,10862.634190385797
2025-04-30,Local,7914.926554010359
2025-04-30,System,1035.2592365302546
2025-05-01,Local,8863.583786099605
2025-05-01,System,18.548635953732056
2025-05-02,Local,7925.38841674321
2025-05-02,System,1096.553597643816
2025-05-03,Local,2161.3248768830517
2025-05-03,System,263.95073368900034
2025-05-04,Local,4445.654594252178
2025-05-04,System,688.1708237478599
2025-05-05,Local,7628.188064471513
2025-05-05,System,18.729209305000083
2025-05-06,Local,4034.596868539841
2025-05-06,System,13.566332372499998
2025-05-07,Local,6720.87458392443
2025-05-07,System,414.27679911024205
2025-05-08,Local,4378.718763431304
2025-05-08,System,37.31333162749972
2025-05-09,Local,3237.783514980267
2025-05-09,System,45.22355201833333
2025-05-10,Local,2429.008924678598
2025-05-10,System,41.199730404166665
2025-05-11,Local,3639.740646039008
2025-05-11,System,126.02430198583333
2025-05-12,Local,3235.7386597719665
2025-05-12,System,38.91386372166666
2025-05-13,Local,15029.359304478492
2025-05-13,System,1350.03805334502
2025-05-14,Local,27940.051448221515
2025-05-14,System,2522.2184844349804
2025-05-15,Local,22472.610181917884
2025-05-15,System,1049.7580063731107
2025-05-16,Local,3919.3732000660593
2025-05-16,System,56.456414088333354
2025-05-17,Local,11402.641641857883
2025-05-17,System,106.49534895140955
2025-05-18,Local,58611.168624776896
2025-05-18,System,19285.70331341963
2025-05-19,Local,25358.857797325938
2025-05-19,System,3041.202316566216
2025-05-20,Local,4901.76397033592
2025-05-20,System,3031.570164436176
2025-05-21,Local,2785.901045220074
2025-05-21,System,131.19788430000003
2025-05-22,Local,10753.828307476979
2025-05-22,System,52.475286663750374
2025-05-23,Local,19884.057424974864
2025-05-23,System,47.344998849999996
2025-05-24,Local,43838.02186004513
2025-05-24,System,11.890958645833308
2025-05-25,Local,29401.395384282743
2025-05-25,System,14785.245105679556
2025-05-26,Local,32150.20327557676
2025-05-26,System,1798.37984997219
2025-05-27,Local,11358.144051092146
2025-05-27,System,64.43397549583364
2025-05-28,Local,9748.878714298751
2025-05-28,System,138.14316917833324
2025-05-29,Local,3171.5632746818146
2025-05-29,System,62.19764434166677
2025-05-30,Local,8212.53706202715
2025-05-30,System,46.715978658711755
2025-05-31,Local,1809.416622071009
2025-05-31,System,357.06783403416534
2025-06-01,Local,2126.6060694145435
2025-06-01,System,94.59030047681757
2025-06-02,Local,12981.494572392901
2025-06-02,System,16.107821504166647
2025-06-03,Local,9883.634843851203
2025-06-03,System,191.71250109749957
2025-06-04,Local,7205.161657024531
2025-06-04,System,24.484555963333296
2025-06-05,Local,4471.0397520928345
2025-06-05,System,23.756549731041922
2025-06-06,Local,4737.001975559248
2025-06-06,System,28.70391687499992
2025-06-07,Local,11713.805056009585
2025-06-07,System,53.14368614833324
2025-06-08,Local,12525.413694308256
2025-06-08,System,31.68441667166662
2025-06-09,Local,4176.3959996071435
2025-06-09,System,15.802084163333719
2025-06-10,Local,3838.412291362627
2025-06-10,System,72.89519694749987
2025-06-11,Local,5721.9018403582395
2025-06-11,System,78.48347016282585
2025-06-12,Local,5495.7012609040175
2025-06-12,System,189.578064541692
2025-06-13,Local,9275.570827717067
2025-06-13,System,48.24503900166665
2025-06-14,Local,13745.610127287477
2025-06-14,System,44.23008710249986
2025-06-15,Local,4385.751158698382
2025-06-15,System,81.77131128166657
2025-06-17,Local,8572.197198270558
2025-06-17,System,44.04307341333321
2025-06-18,Local,2483.526390781348
2025-06-18,System,88.56354500982845
2025-06-19,Local,2339.9941085713954
2025-06-19,System,50.25968600199161
2025-06-20,Local,6124.927310942893
2025-06-20,System,15229.924080848685
2025-06-21,Local,14009.327799571907
2025-06-21,System,22506.906688832976
2025-06-22,Local,39787.519134045346
2025-06-22,System,110.76526724972395
2025-06-23,Local,4735.351029539447
2025-06-23,System,27.5737505258333
2025-06-24,Local,1972.8065357009991
2025-06-24,System,44.34927052272573
2025-06-25,Local,5006.5696137355835
2025-06-25,System,55.88532076250067
2025-06-26,Local,3775.3556939481705
2025-06-26,System,69.00275669499989
2025-06-27,Local,4526.606970737627
2025-06-27,System,47.10592167666662
2025-06-28,Local,3041.413090702394
2025-06-28,System,47.43861755416655
2025-06-29,Local,4152.36036423443
2025-06-29,System,48.655334937498054
2025-06-30,Local,3606.745492051637
2025-06-30,System,94.72204680249996
2025-07-01,Local,2502.6194823048336
2025-07-01,System,136.63126983416637
2025-07-02,Local,3959.6292376634806
2025-07-02,System,83.83921767833324
2025-07-03,Local,1824.6312179465438
2025-07-03,System,45.18153376166704
2025-07-04,Local,5113.399528000562
2025-07-04,System,25.379653309999913
2025-07-05,Local,2830.32434619352
2025-07-05,System,43.83523677916763
2025-07-06,Local,2555.6326979206215
2025-07-06,System,17.95925940749996
2025-07-07,Local,2678.037442859798
2025-07-07,System,16.99256317166662
2025-07-08,Local,2251.032843857154
2025-07-08,System,28.283867484166603
2025-07-09,Local,2650.901314306806
2025-07-09,System,92.35272425833526
2025-07-10,Local,3511.393630903445
2025-07-10,System,61.055891160833276
2025-07-11,Local,5496.658697158174
2025-07-11,System,20.303663485832953
2025-07-12,Local,3292.746198399541
2025-07-12,System,35.136025635833256
2025-07-13,Local,2715.553900985863
2025-07-13,System,53.80874862333326
2025-07-14,Local,2724.014233835623
2025-07-14,System,137.50191372193007
2025-07-15,Local,2909.9832057180533
2025-07-15,System,18.635329420083618
2025-07-16,Local,3990.980946337507
2025-07-16,System,37.41673154999991
2025-07-17,Local,3189.740349528283
2025-07-17,System,48.605273548332676
2025-07-18,Local,3064.040608590153
2025-07-18,System,38.19836449583311
2025-07-19,Local,2488.2115524441124
2025-07-19,System,171.17369354999863
2025-07-20,Local,2884.644905323496
2025-07-20,System,172.68477465666578
2025-07-21,Local,4944.302416966148
2025-07-21,System,41.82441690415719
2025-07-22,Local,10868.87950696212
2025-07-22,System,18.789087555833067
2025-07-23,Local,10118.87505827408
2025-07-23,System,17.892452250833138
2025-07-24,Local,5435.3690368220605
2025-07-24,System,28.77208793291637
2025-07-25,Local,5890.312534828797
2025-07-25,System,76.37884577666601
2025-07-26,Local,14358.136638759575
2025-07-26,System,32.36553538939039
2025-07-27,Local,11572.46642378872
2025-07-27,System,34.13637204261684
2025-07-28,Local,3966.809216346496
2025-07-28,System,45.37993104249951
2025-07-29,Local,4813.960966094711
2025-07-29,System,21.204241733333212
2025-07-30,Local,4309.33412061495
2025-07-30,System,128.60754543996683
2025-07-31,Local,4794.373712225094
2025-07-31,System,21.062579743608183
2025-08-01,Local,2583.7392471197095
2025-08-01,System,152.4450523945744
2025-08-02,Local,1969.571341362726
2025-08-02,System,33.52127046456455
2025-08-03,Local,5800.251536147872
2025-08-03,System,816.110570149731
2025-08-04,Local,5107.488741226208
2025-08-04,System,792.3563644899968
2025-08-05,Local,2144.1055184179445
2025-08-05,System,258.6462341792521
2025-08-06,Local,2123.324653927482
2025-08-06,System,188.1237380264433
2025-08-07,Local,3026.6725235932076
2025-08-07,System,156.57257966573346
2025-08-08,Local,2838.220612031935
2025-08-08,System,100.08769503250078
2025-08-09,Local,3395.641010597542
2025-08-09,System,41.1374286424998
2025-08-10,Local,3166.156836063955
2025-08-10,System,31.408801862499676
2025-08-11,Local,2724.130255083875
2025-08-11,System,46.733479076666306
2025-08-12,Local,2057.2036655983575
2025-08-12,System,69.42135575250074
2025-08-13,Local,4287.22783763512
2025-08-13,System,159.16461761749963
2025-08-14,Local,5757.6451939847175
2025-08-14,System,33.8746137749995
2025-08-15,Local,5048.76510736574
2025-08-15,System,65.4196599658325
2025-08-16,Local,6440.753310570046
2025-08-16,System,58.79425232833316
2025-08-17,Local,12498.520797373214
2025-08-17,System,8.918225508333215
2025-08-18,Local,6670.338101903745
2025-08-18,System,45.614174954166195
2025-08-19,Local,6865.46319661347
2025-08-19,System,61.6983652508335
2025-08-20,Local,3599.4114200362887
2025-08-20,System,127.90694896666446
2025-08-21,Local,2599.0402014279043
2025-08-21,System,168.75342436216494
2025-08-22,Local,1940.266389013471
2025-08-22,System,88.08508635083341
2025-08-23,Local,1824.74685885871
2025-08-23,System,35.244396957499724
2025-08-24,Local,1964.3662518497538
2025-08-24,System,72.49278123166641
2025-08-25,Local,3734.3350942708935
2025-08-25,System,140.3662470199998
2025-08-26,Local,8838.809978455181
2025-08-26,System,95.59996021583284
2025-08-27,Local,3418.5402173223833
2025-08-27,System,126.6441592033327
2025-08-28,Local,1806.9894670254973
2025-08-28,System,32.94577472666658
2025-08-29,Local,3845.2976163650096
2025-08-29,System,41.913901915833
2025-08-30,Local,4454.290995587881
2025-08-30,System,128.96234378833336
2025-08-31,Local,3299.0573803981265
2025-08-31,System,98.09550763583378
2025-09-01,Local,3274.414812930734
2025-09-01,System,43.8318328166687
2025-09-02,Local,1474.4738605564905
2025-09-02,System,58.35827899499903
2025-09-03,Local,3537.1130533247824
2025-09-03,System,89.45297015249956
2025-09-04,Local,2760.9877574428347
2025-09-04,System,107.90028934136807
2025-09-05,Local,5156.8564705512335
2025-09-05,System,131.49821227583513
2025-09-06,Local,4810.396385193148
2025-09-06,System,197.21810056002724
2025-09-07,Local,6522.670623403118
2025-09-07,System,151.9290605352073
2025-09-08,Local,6850.727145061551
2025-09-08,System,127.50498857510648
2025-09-09,Local,5856.516368350968
2025-09-09,System,39.62897235999959
2025-09-10,Local,3840.848977529952
2025-09-10,System,102.87594023337435
2025-09-11,Local,7917.390072286552
2025-09-11,System,39.81260811916667
2025-09-12,Local,7622.016103824624
2025-09-12,System,17.61595914666659
2025-09-13,Local,9082.995099230402
2025-09-13,System,50.536623497478935
2025-09-14,Local,23662.01794312946
2025-09-14,System,85.69183410551875
2025-09-15,Local,14877.967255024743
2025-09-15,System,65.63564357750035
2025-09-16,Local,7172.976527245624
2025-09-16,System,6.575386177499978
2025-09-17,Local,1778.487924573588
2025-09-17,System,53.52637526208307
2025-09-18,Local,29.04210575787344
2025-09-19,Local,1137.792977881462
2025-09-19,System,11.285558122499957
2025-09-20,Local,4211.174582179595
2025-09-20,System,8.688298344166633
2025-09-21,Local,1007.3153383840419
2025-09-21,System,9.078737685833298
2025-09-22,Local,4683.706826188569
2025-09-22,System,85.51373919583304
2025-09-23,Local,9660.307012967818
2025-09-23,System,142.5301543325972
2025-09-24,Local,4088.9607327869717
2025-09-24,System,297.6673909674989
2025-09-25,Local,5283.480279466819
2025-09-25,System,334.0577455035407
2025-09-26,Local,6381.21446129043
2025-09-26,System,192.70378229833247
2025-09-27,Local,1794.3537474037628
2025-09-27,System,9.314641368333314
2025-09-28,Local,8115.904681269208
2025-09-28,System,50.72657248999971
2025-09-29,Local,3771.343586170507
2025-09-29,System,15.859149082786274
2025-09-30,Local,10662.108016228509
2025-09-30,System,81.5853427835796
2025-10-01,Local,7585.595453278665
2025-10-01,System,4.994880764999981
2025-10-02,Local,8294.317696085924
2025-10-02,System,3.813667279166628
2025-10-03,Local,14755.39507035478
2025-10-03,System,171.04030092488125
2025-10-04,Local,37240.02927426748
2025-10-04,System,2.138614641666658
2025-10-05,Local,12414.924301864476
2025-10-05,System,3.5111426733333153
2025-10-06,Local,3362.440987330372
2025-10-06,System,5.18583260416664
2025-10-07,Local,1649.0678460034749
2025-10-07,System,2.8805713391666243
2025-10-08,Local,1929.6660759869753
2025-10-08,System,773.513331186724
2025-10-09,Local,3836.577226303397
2025-10-09,System,9.783636127499951
2025-10-10,Local,1734.0844623577839
2025-10-10,System,21.4147208150866
2025-10-11,Local,4827.024225450835
2025-10-11,System,1921.839627381271
2025-10-12,Local,10148.231266417586
2025-10-12,System,26.123977963159103
2025-10-13,Local,2571.7449021530447
2025-10-13,System,2.662568766097019
2025-10-14,Local,1563.5489600550034
2025-10-14,System,0.33698524166666416
2025-10-15,Local,9698.190158743437
2025-10-15,System,15.906656607499874
2025-10-16,Local,7659.338172607283
2025-10-16,System,1453.7076726161124
2025-10-17,Local,12900.610312863759
2025-10-17,System,1025.7243225488994
2025-10-18,Local,14892.220141777145
2025-10-18,System,5.040480219166649
2025-10-19,Local,22541.432794124994
2025-10-19,System,80.49766082070384
2025-10-20,Local,6163.688539162538
2025-10-20,System,4585.481628684989
2025-10-21,Local,3852.162437039398
2025-10-21,System,1.1271178608333283
2025-10-22,Local,2119.361020039199
2025-10-22,System,9.98207460666665
2025-10-23,Local,4725.543100096458
2025-10-23,System,19.87032833749997
2025-10-24,Local,4771.1290140669635
2025-10-24,System,0.9572274491666583
2025-10-25,Local,1327.5522663087145
2025-10-25,System,0.8958195783333167
2025-10-26,Local,24047.08677463687
2025-10-26,System,62.708522870059404
2025-10-27,Local,5538.383484301668
2025-10-27,System,31.81423645083325
2025-10-28,Local,5100.651254288234
2025-10-28,System,10.865347502499962
2025-10-29,Local,3186.0918207178893
2025-10-29,System,22.124671519981913
2025-10-30,Local,4262.242225693388
2025-10-30,System,11.26697263749991
2025-10-31,Local,1407.0337221830252
2025-10-31,System,9.989602749166604
2025-11-01,Local,205.25898992253596
2025-11-01,System,54.116527430250464
2025-11-02,Local,962.6372934813104
2025-11-02,System,716.8693364273819
2025-11-03,Local,97.5979177181489
2025-11-03,System,16.96270968083323
2025-11-04,Local,2628.4039744874344
2025-11-04,System,1.3490998424999916
2025-11-05,Local,66.84097340124386
2025-11-05,System,5.170116560833227
2025-11-06,Local,6386.7959989728215
2025-11-06,System,21.599809531110946
2025-11-07,Local,471.42956947755584
2025-11-07,System,466.81310726786455
2025-11-08,Local,2668.0389447155903
2025-11-08,System,138.147240911231
2025-11-09,Local,1071.9750745124488
2025-11-09,System,6.272501913333271
2025-11-10,Local,2611.8782946784695
2025-11-10,System,5.767723078333213
2025-11-11,Local,36.43432953514033
2025-11-11,System,1.312328185833325
2025-11-12,Local,64.01703342254426
2025-11-12,System,15.488160113333286
2025-11-13,Local,1735.9360414990526
2025-11-13,System,112.2455245974992
2025-11-14,Local,42.357963256858014
2025-11-14,System,0.11597427999999833
2025-11-15,Local,24.40185367017125
2025-11-15,System,0.12218638666666666
2025-11-16,Local,127.10086341466749
2025-11-16,System,0.3229001574999991
2025-11-17,Local,1824.8148024498537
2025-11-17,System,25.059311725357233
2025-11-18,Local,210.0992976777586
2025-11-18,System,0.09094172749999832
2025-11-19,Local,584.8959770713708
2025-11-19,System,0.8564761016666483
2025-11-20,Local,124.75133654105389
2025-11-21,Local,16.09765903549049
2025-11-21,System,0.6463199549999825
2025-11-22,Local,44.489770533284904
2025-11-22,System,0.05711373333332516
2025-11-23,Local,169.0234347894002
2025-11-23,System,4.7400720008333135
2025-11-24,Local,36.365163693046334
2025-11-24,System,0.42201222916665415
2025-11-25,Local,52.17370970263352
2025-11-25,System,0.11191345749999916
2025-11-26,Local,127.81467375986946
2025-11-26,System,2.445454262176034
2025-11-27,Local,47.71910474924255
2025-11-27,System,1.3107520083333242
2025-11-28,Local,3000.741743673726
2025-11-28,System,0.44724695666666536
2025-11-29,Local,49.43142549375047
2025-11-30,Local,102.02944752619273
2025-12-01,Local,634.6279245057458
2025-12-01,System,144.0293832001789
2025-12-02,Local,207.83925303305722
2025-12-02,System,0.8241666158333324
2025-12-03,Local,91.09201508274552
2025-12-04,Local,2466.734541371985
2025-12-04,System,33.171684678333136
2025-12-05,Local,118.10417098530421
2025-12-05,System,1.2159677441666417
2025-12-06,Local,182.9043805050593
2025-12-06,System,2.3978318136222954
2025-12-07,Local,27.225581952848724
2025-12-07,System,0.14512725916666
2025-12-08,Local,960.6268174680002
2025-12-08,System,2.813941013333288
2025-12-09,Local,622.3357959814213
2025-12-10,Local,2717.6474979366294
2025-12-10,System,1.8500193022913491
2025-12-11,Local,702.7812253690067
2025-12-11,System,42.71317891833304
2025-12-12,Local,94.7553509684508
2025-12-12,System,79.41336678916697
2025-12-13,Local,132.94058354750837
2025-12-13,System,63.345217644165956
2025-12-14,Local,23.086960296217725
2025-12-14,System,21.34945675416654
2025-12-15,Local,28.317993091873653
2025-12-15,System,58.62945849333319
2025-12-16,Local,543.7511020613777
2025-12-16,System,126.12924765070633
2025-12-17,Local,223.02697038345522
2025-12-17,System,600.2708475490101
2025-12-18,Local,61.34293843368729
2025-12-18,System,124.63540950583253
2025-12-19,Local,95.54615835022966
2025-12-19,System,28.598704973547424
2025-12-20,Local,193.6645674659981
2025-12-20,System,109.58406650880502
2025-12-21,Local,323.8152045988899
2025-12-21,System,899.5212287411338
2025-12-22,Local,188.65155163894576
2025-12-22,System,393.54598244772035
2025-12-23,Local,126.74267401269582
2025-12-23,System,142.70629245999942
2025-12-24,Local,190.9218739139218
2025-12-24,System,33.65816383416653
2025-12-25,Local,2966.7110557807787
2025-12-25,System,3213.029767382874
2025-12-26,Local,336.0116589714825
2025-12-26,System,845.1687462215987
2025-12-27,Local,2238.034387824597
2025-12-27,System,3528.6369065303434
2025-12-28,Local,244.8580753140944
2025-12-28,System,137.0559020866649
2025-12-29,Local,1297.4965583726937
2025-12-29,System,172.37362222297998
2025-12-30,Local,331.03688051246075
2025-12-30,System,35.91914916333314
2025-12-31,Local,55.74858056199445
2025-12-31,System,14.569429446666545
