Date,Reason,Solar Curtailment (MWh)
2022-04-01,Local,10125.417439590166
2022-04-01,System,320.50519778162663
2022-04-02,Local,9499.070547833464
2022-04-02,System,12378.207409307195
2022-04-03,Local,9252.785590469563
2022-04-03,System,7525.1891827002055
2022-04-04,Local,13146.92004577737
2022-04-04,System,59.01336197166666
2022-04-05,Local,16051.378924835197
2022-04-05,System,6788.9424579254155
2022-04-06,Local,11125.63135563111
2022-04-06,System,120.5937659656294
2022-04-07,Local,6517.701485849388
2022-04-07,System,7.407951881666666
2022-04-08,Local,4293.243861613861
2022-04-08,System,14.092615900000167
2022-04-09,Local,36667.52985007368
2022-04-09,System,67.02722918789125
2022-04-10,Local,33290.60146476063
2022-04-10,System,1928.7733183762557
2022-04-11,Local,7553.686648282441
2022-04-11,System,39.77298135833333
2022-04-12,Local,41237.74466206118
2022-04-12,System,14.606058971339332
2022-04-13,Local,31139.633638333922
2022-04-13,System,1694.8121424973476
2022-04-14,Local,23301.22676846024
2022-04-14,System,13.580993931666667
2022-04-15,Local,28707.70384747728
2022-04-15,System,14.496245226922683
2022-04-16,Local,24918.098102897762
2022-04-16,System,1667.5139541448048
2022-04-17,Local,39229.24968213907
2022-04-17,System,1649.9621587802142
2022-04-18,Local,13569.36539987469
2022-04-18,System,16.568810805834083
2022-04-19,Local,9271.324811950191
2022-04-19,System,7.463643013333333
2022-04-20,Local,17988.3561519771
2022-04-20,System,125.492667966889
2022-04-21,Local,15895.79955437616
2022-04-21,System,8.571259931666667
2022-04-22,Local,9425.159096845244
2022-04-22,System,23.830006913914406
2022-04-23,Local,9305.051737805092
2022-04-23,System,20696.38520486321
2022-04-24,Local,11906.022170591154
2022-04-24,System,1.2091403583333333
2022-04-25,Local,4906.039423858697
2022-04-25,System,12.078335280833699
2022-04-26,Local,3820.8096032279773
2022-04-26,System,989.3720250914623
2022-04-27,Local,11936.854326216742
2022-04-27,System,2078.3747745044166
2022-04-28,Local,19667.145611266784
2022-04-28,System,5544.557796321311
2022-04-29,Local,11845.784798822402
2022-04-29,System,45.13344457702718
2022-04-30,Local,8475.655630174771
2022-04-30,System,7548.00572891353
2022-05-01,Local,26801.23626538488
2022-05-01,System,15535.12209876965
2022-05-02,Local,14208.881530746998
2022-05-02,System,974.6346272413872
2022-05-03,Local,13140.701235559463
2022-05-03,System,138.0255796480025
2022-05-04,Local,6445.705654477146
2022-05-04,System,3.0266362824999997
2022-05-05,Local,6386.307573789459
2022-05-05,System,15.411174306666673
2022-05-06,Local,9431.506709891462
2022-05-06,System,78.31487304488948
2022-05-07,Local,13227.032929891819
2022-05-07,System,13860.942467240755
2022-05-08,Local,27525.797080020002
2022-05-08,System,2487.9538166197035
2022-05-09,Local,23889.10747537962
2022-05-09,System,9541.208027548566
2022-05-10,Local,15779.065101908503
2022-05-10,System,2235.045341863331
2022-05-11,Local,38760.23341552804
2022-05-11,System,86.4116763616325
2022-05-12,Local,20755.599011852428
2022-05-12,System,99.10685632833332
2022-05-13,Local,6546.243290189014
2022-05-13,System,21.28237015583333
2022-05-14,Local,5598.699496874532
2022-05-14,System,100.60488299807149
2022-05-15,Local,3817.4472068815257
2022-05-15,System,174.32016447008365
2022-05-16,Local,4217.066462183642
2022-05-16,System,80.13290465487644
2022-05-17,Local,7348.37338143569
2022-05-17,System,143.3949882695118
2022-05-18,Local,4414.410298053867
2022-05-18,System,19.283736993233873
2022-05-19,Local,13307.916523844568
2022-05-19,System,27.962991457103456
2022-05-20,Local,6398.145169731254
2022-05-20,System,349.2089511112513
2022-05-21,Local,6935.189128978583
2022-05-21,System,264.4705316676677
2022-05-22,Local,18826.62048896912
2022-05-22,System,1327.4053210225761
2022-05-23,Local,7042.425710308642
2022-05-23,System,8.441666945833331
2022-05-24,Local,1938.5857798714796
2022-05-24,System,4.0300557308333325
2022-05-25,Local,4073.9945367785294
2022-05-25,System,98.7913171088693
2022-05-26,Local,3425.1820070729077
2022-05-26,System,5.591834329166666
2022-05-27,Local,2059.1187570492616
2022-05-27,System,1850.3851329872264
2022-05-28,Local,3749.283836223055
2022-05-28,System,9353.103997422088
2022-05-29,Local,5622.352742654077
2022-05-29,System,45864.267709344065
2022-05-30,Local,13345.94702660669
2022-05-30,System,17291.54738830392
2022-05-31,Local,4927.371562097717
2022-05-31,System,293.578865945689
2022-06-01,Local,2439.1967713605723
2022-06-01,System,50.355016397195286
2022-06-02,Local,1199.3457108340515
2022-06-02,System,75.59542653481843
2022-06-03,Local,1336.4224325992632
2022-06-03,System,566.0567006481408
2022-06-04,Local,9919.550550828022
2022-06-04,System,3286.6644260026096
2022-06-05,Local,5886.529490675843
2022-06-05,System,9672.420971697951
2022-06-06,Local,1893.0850303159518
2022-06-06,System,1186.345423166963
2022-06-07,Local,895.0933759008894
2022-06-07,System,469.8846393948956
2022-06-08,Local,934.1678426191819
2022-06-08,System,128.54426708830132
2022-06-09,Local,684.1208837387989
2022-06-09,System,26.546461445833497
2022-06-10,Local,1006.7835922657545
2022-06-10,System,22.960191854448695
2022-06-11,Local,922.4129265143428
2022-06-11,System,64.38060777315499
2022-06-12,Local,894.0434820816397
2022-06-12,System,871.1985391844877
2022-06-13,Local,1023.5851187541476
2022-06-13,System,13050.914764464898
2022-06-14,Local,3634.5166095828945
2022-06-14,System,17782.79159892271
2022-06-15,Local,1279.2922715007705
2022-06-15,System,43.141737619792806
2022-06-16,Local,2094.246054301569
2022-06-16,System,237.1552675780186
2022-06-17,Local,978.2023271651689
2022-06-17,System,1513.9789387052024
2022-06-18,Local,1961.932202184181
2022-06-18,System,39850.49894028309
2022-06-19,Local,5125.857114375886
2022-06-19,System,41404.663105889944
2022-06-20,Local,7076.1067310821345
2022-06-20,System,246.06576191504516
2022-06-21,Local,1091.0726710534486
2022-06-21,System,94.39723293692356
2022-06-22,Local,989.2938466366867
2022-06-22,System,25.188659569166663
2022-06-23,Local,898.7453059634221
2022-06-23,System,270.23897384374595
2022-06-24,Local,826.9510290024049
2022-06-24,System,319.9389150478278
2022-06-25,Local,1162.1331338734155
2022-06-25,System,78.59991797537619
2022-06-26,Local,1412.6004808597722
2022-06-26,System,188.55989832062093
2022-06-27,Local,961.986726206863
2022-06-27,System,105.13935844083375
2022-06-28,Local,800.1525783061434
2022-06-28,System,187.20131851091125
2022-06-29,Local,728.6471639837608
2022-06-29,System,227.53088002729297
2022-06-30,Local,1515.5465553578229
2022-06-30,System,137.02691898932085
2022-07-01,Local,1002.0083222381668
2022-07-01,System,101.35981710791698
2022-07-02,Local,1892.7447120066806
2022-07-02,System,272.87797740774425
2022-07-03,Local,26596.94566329215
2022-07-03,System,5305.331329863814
2022-07-04,Local,20761.91700161109
2022-07-04,System,939.0720798324655
2022-07-05,Local,1197.0722952022402
2022-07-05,System,27.03761795333333
2022-07-06,Local,1337.0167172170516
2022-07-06,System,92.28605246097061
2022-07-07,Local,1237.1209546611683
2022-07-07,System,90.21559933042091
2022-07-08,Local,1095.6800876157188
2022-07-08,System,187.15930300718824
2022-07-09,Local,1247.6262703300472
2022-07-09,System,136.63240549101778
2022-07-10,Local,1320.8039189076342
2022-07-10,System,116.20352162700708
2022-07-11,Local,1509.4465741840138
2022-07-11,System,28.444694270943486
2022-07-12,Local,1122.1492928886285
2022-07-12,System,41.83650879177939
2022-07-13,Local,1594.732230349578
2022-07-13,System,5.815661562286673
2022-07-14,Local,1366.7253278392366
2022-07-14,System,21.022024051966298
2022-07-15,Local,1570.4207867829864
2022-07-15,System,128.61686949453915
2022-07-16,Local,2338.8090035148593
2022-07-16,System,16.13896370161738
2022-07-17,Local,2078.82715809759
2022-07-17,System,81.14607849583477
2022-07-18,Local,451.87574175616453
2022-07-18,System,43.79305465916681
2022-07-19,Local,1218.54699949014
2022-07-19,System,324.99394118152503
2022-07-20,Local,947.2376916028343
2022-07-20,System,32.421980011372575
2022-07-21,Local,910.2033682976381
2022-07-21,System,104.6329217874989
2022-07-22,Local,1054.0363986719065
2022-07-22,System,109.55141447166649
2022-07-23,Local,1005.3192069818482
2022-07-23,System,13.220510277499999
2022-07-24,Local,1342.048708863547
2022-07-24,System,40.9623976481236
2022-07-25,Local,1647.561510760299
2022-07-25,System,66.93210837425019
2022-07-26,Local,1035.631065131344
2022-07-26,System,8.036157757181236
2022-07-27,Local,1311.4048936150073
2022-07-27,System,74.88755500573804
2022-07-28,Local,1015.6805708512986
2022-07-28,System,128.07934898958231
2022-07-29,Local,647.580025857789
2022-07-29,System,180.54878410499998
2022-07-30,Local,331.0127049411611
2022-07-30,System,36.59997567666666
2022-07-31,Local,691.9806981317462
2022-07-31,System,3.747366158333333
2022-08-01,Local,384.7501249761592
2022-08-01,System,24.420376176666746
2022-08-02,Local,1237.4893727392437
2022-08-02,System,56.03345477383227
2022-08-03,Local,623.8363879513789
2022-08-03,System,96.61451907483269
2022-08-04,Local,311.6821999671655
2022-08-04,System,5.518149259999999
2022-08-05,Local,231.5817568110203
2022-08-05,System,113.9980439406221
2022-08-06,Local,793.2379942206435
2022-08-06,System,294.7655840026073
2022-08-07,Local,1119.3935562132594
2022-08-07,System,205.17062864314292
2022-08-08,Local,705.0181150109406
2022-08-08,System,74.20787874112598
2022-08-09,Local,728.7018494768218
2022-08-09,System,44.45976441500008
2022-08-10,Local,665.4923599218833
2022-08-10,System,90.25563077285022
2022-08-11,Local,877.9760596061985
2022-08-11,System,127.52161114497616
2022-08-12,Local,925.4002163669338
2022-08-12,System,239.07073917204204
2022-08-13,Local,859.8031167013696
2022-08-13,System,81.39776361366661
2022-08-14,Local,1343.0210658538074
2022-08-14,System,16.8430732994404
2022-08-15,Local,1605.9093363830152
2022-08-15,System,38.977677643155815
2022-08-16,Local,2707.918227602947
2022-08-16,System,16.46712251083333
2022-08-17,Local,473.5863876521199
2022-08-17,System,22.498581659636056
2022-08-18,Local,792.3198090052174
2022-08-18,System,7.2698664533333295
2022-08-19,Local,720.1375718546668
2022-08-19,System,82.6085888933332
2022-08-20,Local,1193.6487049027712
2022-08-20,System,38.27875405235092
2022-08-21,Local,1375.6607239872728
2022-08-21,System,5.779056892500001
2022-08-22,Local,1739.6601077564935
2022-08-22,System,21.957605976666667
2022-08-23,Local,691.6448720409373
2022-08-23,System,27.7175848225
2022-08-24,Local,367.0913210312042
2022-08-24,System,32.13303173083332
2022-08-25,Local,440.3048545194755
2022-08-25,System,24.954462088239264
2022-08-26,Local,715.7635018746665
2022-08-26,System,39.478135199833375
2022-08-27,Local,1743.5331665219924
2022-08-27,System,107.19964440096348
2022-08-28,Local,2264.318855811585
2022-08-28,System,38.95657612833335
2022-08-29,Local,1133.1173087285176
2022-08-29,System,86.34629600233431
2022-08-30,Local,1037.5532544859193
2022-08-30,System,94.26097888366637
2022-08-31,Local,864.1936673266486
2022-08-31,System,54.04167772250001
2022-09-01,Local,6017.139976093505
2022-09-01,System,26.26136317
2022-09-02,Local,767.3542451089062
2022-09-02,System,16.63177160583333
2022-09-03,Local,1369.5383350114028
2022-09-03,System,154.77853903560916
2022-09-04,Local,812.8292861707247
2022-09-04,System,22.542272044999997
2022-09-05,Local,833.4889497247274
2022-09-05,System,9.122423736666667
2022-09-06,Local,1918.6690730820965
2022-09-06,System,37.84123075500895
2022-09-07,Local,995.3876165659327
2022-09-07,System,43.2293213133107
2022-09-08,Local,970.2822256924476
2022-09-08,System,334.81584757083334
2022-09-09,Local,265.4277772923578
2022-09-09,System,65.7600457975
2022-09-10,Local,249.25461204996148
2022-09-10,System,169.62525739483317
2022-09-11,Local,362.21009516043415
2022-09-11,System,68.38612907046777
2022-09-12,Local,427.7605911271375
2022-09-12,System,78.51664582513467
2022-09-13,Local,518.1097992502187
2022-09-13,System,137.59397350933406
2022-09-14,Local,1095.689837525796
2022-09-14,System,161.12974286500042
2022-09-15,Local,5431.936848341942
2022-09-15,System,40.48332849250008
2022-09-16,Local,3461.312329162528
2022-09-16,System,48.82654855460843
2022-09-17,Local,9066.813782357
2022-09-17,System,49.61332151738998
2022-09-18,Local,5167.534143339995
2022-09-18,System,10.728909159999999
2022-09-19,Local,101.8191069525632
2022-09-19,System,43.85966808463068
2022-09-20,Local,604.0677964795133
2022-09-20,System,18.2084492075
2022-09-21,Local,2989.928517328864
2022-09-21,System,25.016499069020163
2022-09-22,Local,1270.2249288895896
2022-09-22,System,681.8284951666932
2022-09-23,Local,1074.6970923068588
2022-09-23,System,29.63647793355425
2022-09-24,Local,1692.7205161333325
2022-09-24,System,96.44585547614348
2022-09-25,Local,1085.2797341475643
2022-09-25,System,13.86591650934475
2022-09-26,Local,642.1578553351832
2022-09-26,System,201.1846145714171
2022-09-27,Local,1222.997032111402
2022-09-27,System,30.88413320083333
2022-09-28,Local,890.742067086833
2022-09-28,System,133.858179475
2022-09-29,Local,1031.2343442792655
2022-09-29,System,14.14232234
2022-09-30,Local,1255.3509401659635
2022-09-30,System,58.02531506833345
2022-10-01,Local,1368.4623088978985
2022-10-01,System,50.90291846297563
2022-10-02,Local,1760.3296104749204
2022-10-02,System,8.772829483333332
2022-10-03,Local,1559.5468981925023
2022-10-03,System,4.397527689166664
2022-10-04,Local,2862.0067754029037
2022-10-04,System,0.5384092266666667
2022-10-05,Local,2036.1158830944903
2022-10-05,System,18.5077532025
2022-10-06,Local,838.6861267485067
2022-10-06,System,62.963809639999994
2022-10-07,Local,2336.921111048132
2022-10-07,System,8.442044930833333
2022-10-08,Local,1412.1173546904029
2022-10-08,System,22.615888266666666
2022-10-09,Local,1350.8074679294295
2022-10-09,System,17.237914608333334
2022-10-10,Local,742.3454103875084
2022-10-10,System,33.200820691666664
2022-10-11,Local,2932.3908026834947
2022-10-11,System,128.92497922166666
2022-10-12,Local,603.8377327206972
2022-10-13,Local,1128.2369807506202
2022-10-13,System,0.6724999741666666
2022-10-14,Local,668.1001873997884
2022-10-14,System,9.992410134166667
2022-10-15,Local,1051.8048871239257
2022-10-15,System,7.10033476152
2022-10-16,Local,2669.695303475787
2022-10-16,System,3.4741665299999998
2022-10-17,Local,1914.5601321440329
2022-10-17,System,2.6274998983333333
2022-10-18,Local,566.6466984455157
2022-10-18,System,2.4999464375000007
2022-10-19,Local,1300.834427001593
2022-10-19,System,5.558188168333036
2022-10-20,Local,366.80230811452077
2022-10-20,System,60.715355010209805
2022-10-21,Local,1487.52889805035
2022-10-21,System,22.952665716499766
2022-10-22,Local,4518.468291244968
2022-10-23,Local,20008.524010782392
2022-10-23,System,2.4287419591666657
2022-10-24,Local,9124.237293730554
2022-10-24,System,7.558017363333333
2022-10-25,Local,5581.867603376321
2022-10-25,System,6.910705659166665
2022-10-26,Local,9654.58841790913
2022-10-26,System,19.300925237135424
2022-10-27,Local,3809.8812503232134
2022-10-27,System,7.448999789999999
2022-10-28,Local,288.3763111751363
2022-10-28,System,1.5726884124999991
2022-10-29,Local,1959.6903339804921
2022-10-29,System,13.430655839166667
2022-10-30,Local,626.1113751416661
2022-10-30,System,87.15721681222095
2022-10-31,Local,42.106710383609496
2022-10-31,System,40.8669557919574
2022-11-01,Local,69.77743332614178
2022-11-01,System,11.123637495833332
2022-11-02,Local,129.3578881729871
2022-11-02,System,16.315291975833333
2022-11-03,Local,1793.7407594253991
2022-11-03,System,13.563099736666667
2022-11-04,Local,1893.6609730354312
2022-11-04,System,55.9943965325
2022-11-05,Local,15777.286184083709
2022-11-05,System,14.634351874166665
2022-11-06,Local,11220.690902513537
2022-11-06,System,16.199759713333332
2022-11-07,Local,41.82634727860868
2022-11-07,System,59.547570398332965
2022-11-08,Local,10.885410886747273
2022-11-08,System,63.9406940673621
2022-11-09,Local,5115.861038570544
2022-11-09,System,40.33227853156397
2022-11-10,Local,372.6458844918417
2022-11-10,System,52.887269650834
2022-11-11,Local,587.7546408541336
2022-11-11,System,40.8880907811645
2022-11-12,Local,1612.48733187892
2022-11-12,System,15.800825741666666
2022-11-13,Local,5159.406769563291
2022-11-13,System,4.942821653333333
2022-11-14,Local,192.51551638031916
2022-11-14,System,9.329999924166666
2022-11-15,Local,119.98620618059883
2022-11-15,System,4.932205623333333
2022-11-16,Local,1424.1638589618553
2022-11-16,System,1.939166705
2022-11-17,Local,488.10328752952887
2022-11-17,System,8.470768496666667
2022-11-18,Local,43.52211764780053
2022-11-18,System,39.85542364338839
2022-11-19,Local,2485.9904486449823
2022-11-19,System,10.360832566666666
2022-11-20,Local,2337.6263156116333
2022-11-20,System,3.8716051675
2022-11-21,Local,47.0579780287851
2022-11-21,System,12.640244535833334
2022-11-22,Local,1022.6353622554778
2022-11-22,System,8.723216262499998
2022-11-23,Local,2968.324663508146
2022-11-23,System,11.461682812500001
2022-11-24,Local,3309.79246594896
2022-11-24,System,2.3468225600000006
2022-11-25,Local,74.76595444146979
2022-11-25,System,27.980154740000817
2022-11-26,Local,564.7460852353678
2022-11-26,System,8.077077964166666
2022-11-27,Local,888.021391661686
2022-11-27,System,56.923984477690574
2022-11-28,Local,3658.633314683601
2022-11-28,System,11.21016385572524
2022-11-29,Local,1062.0480581994102
2022-11-29,System,2.048333485833333
2022-11-30,Local,54.34436354889067
2022-11-30,System,28.951487100833333
2022-12-01,Local,36.87200300333306
2022-12-02,Local,3.8805104548343032
2022-12-02,System,32.51706992
2022-12-03,Local,20.513564022630824
2022-12-03,System,6.062330246666608
2022-12-04,Local,49.25811154130818
2022-12-04,System,59.37040534333312
2022-12-05,Local,1734.9092920434439
2022-12-05,System,1.7272699941666765
2022-12-06,Local,264.6433563235642
2022-12-06,System,188.49105974221953
2022-12-07,Local,1376.5247463463463
2022-12-07,System,8.171728550833334
2022-12-08,Local,82.42375698577305
2022-12-08,System,10.426144916666665
2022-12-09,Local,635.330903655943
2022-12-09,System,0.1872888508333333
2022-12-10,Local,98.81672081910455
2022-12-10,System,5.945540955833333
2022-12-11,Local,100.31545165791705
2022-12-11,System,139.4127208047085
2022-12-12,Local,14.476064713551771
2022-12-12,System,9.521308181666633
2022-12-13,Local,207.2863987180543
2022-12-13,System,3.047266814485693
2022-12-14,Local,50.516004166311376
2022-12-14,System,66.93583419926516
2022-12-15,Local,14.638991493316142
2022-12-15,System,56.00157145666666
2022-12-16,Local,464.4449464304142
2022-12-16,System,1.3777346858333333
2022-12-17,Local,71.04922334364666
2022-12-17,System,44.061203420792204
2022-12-18,Local,143.60936753276738
2022-12-18,System,1.0374488149999999
2022-12-19,Local,366.2389195598308
2022-12-19,System,14.594166279166666
2022-12-20,Local,30.908635517296858
2022-12-20,System,39.554006817499996
2022-12-21,Local,149.64966177847975
2022-12-21,System,2.3900000949999995
2022-12-22,Local,75.76705879833298
2022-12-22,System,3.648231826666666
2022-12-23,Local,45.50804656790838
2022-12-23,System,38.802574742276484
2022-12-24,Local,1630.2271537089823
2022-12-24,System,8.687236335833335
2022-12-25,Local,5327.587289710843
2022-12-25,System,2.1825444799999993
2022-12-26,Local,54.37034528300932
2022-12-26,System,4.0297992874999995
2022-12-27,System,1.196132672499999
2022-12-28,Local,43.62996851317798
2022-12-28,System,95.11168838517786
2022-12-29,Local,11.108569016666324
2022-12-29,System,14.282975206666
2022-12-30,Local,75.79315077362813
2022-12-30,System,58.06283343500075
2022-12-31,Local,1.1139848883333332
2022-12-31,System,24.701635710834065
2023-01-01,Local,4.904074324671566
2023-01-01,System,23.893211257916757
2023-01-02,Local,43.17749961333333
2023-01-02,System,44.65012621666666
2023-01-03,Local,80.87130047482678
2023-01-03,System,140.64720972049187
2023-01-04,Local,850.3695140760901
2023-01-04,System,0.290197335
2023-01-05,Local,13.90938427233144
2023-01-05,System,19.342442230724995
2023-01-06,Local,645.592273700835
2023-01-06,System,242.672671854845
2023-01-07,Local,178.8231378589573
2023-01-07,System,65.69404467857606
2023-01-08,Local,912.100779187535
2023-01-08,System,107.61703304316978
2023-01-09,System,17.04944021841523
2023-01-10,Local,55.323529992203746
2023-01-10,System,80.63486446534567
2023-01-11,Local,0.23499997416666665
2023-01-11,System,29.57308521541864
2023-01-12,Local,49.50376925378597
2023-01-12,System,68.96627605770814
2023-01-13,Local,146.19544224003556
2023-01-13,System,27.748610266309655
2023-01-14,Local,4.2154723145437405
2023-01-14,System,1.4016665775
2023-01-15,System,0.9216664633333332
2023-01-16,Local,61.88592405676534
2023-01-16,System,36.575755105000084
2023-01-17,Local,320.405572675894
2023-01-17,System,28.366932009166664
2023-01-18,Local,3997.7606978281897
2023-01-18,System,29.098173647248686
2023-01-19,Local,606.8717194637647
2023-01-19,System,47.967803755832875
2023-01-20,Local,3373.67134903075
2023-01-20,System,46.6785092875
2023-01-21,Local,10318.093235221711
2023-01-21,System,37.63284993166659
2023-01-22,Local,3401.1713778808853
2023-01-22,System,3.4942456100000006
2023-01-23,Local,1076.0855930706928
2023-01-23,System,78.92117799666666
2023-01-24,Local,2163.7368600003024
2023-01-24,System,24.545333944166664
2023-01-25,Local,2319.068650578805
2023-01-25,System,94.26053883877366
2023-01-26,Local,603.5752172348815
2023-01-26,System,606.5048829978459
2023-01-27,Local,2258.766439314393
2023-01-27,System,524.9166548236376
2023-01-28,Local,8529.274563487976
2023-01-28,System,105.46875067333333
2023-01-29,Local,1919.9155705858602
2023-01-29,System,31.732839174950996
2023-01-30,Local,488.5843338804965
2023-01-30,System,10.344116394166665
2023-01-31,Local,2514.7593011197864
2023-01-31,System,35.289498505833414
2023-02-01,Local,2999.303765040117
2023-02-01,System,160.192809385
2023-02-02,Local,2078.4803488763137
2023-02-02,System,20.002245559166667
2023-02-03,Local,49.54409480662028
2023-02-03,System,24.407499967499998
2023-02-04,Local,10917.033303123182
2023-02-04,System,38.637182895925584
2023-02-05,Local,21267.13783829231
2023-02-05,System,22.217901237172537
2023-02-06,Local,8391.182856031139
2023-02-06,System,468.7473405757315
2023-02-07,Local,3946.3225502551927
2023-02-07,System,72.59416018029395
2023-02-08,Local,2878.3653693958163
2023-02-08,System,227.39767779754098
2023-02-09,Local,2418.551327333904
2023-02-09,System,236.30868102129907
2023-02-10,Local,467.10806357446575
2023-02-10,System,46.66352025067401
2023-02-11,Local,4393.5638862361875
2023-02-11,System,211.47791406416664
2023-02-12,Local,674.696172431888
2023-02-12,System,6.209098034166668
2023-02-13,Local,2528.3113950239863
2023-02-13,System,2130.3539953321415
2023-02-14,Local,2126.6286976940755
2023-02-14,System,79.79624869458246
2023-02-15,Local,6007.823623125083
2023-02-15,System,4.845966691999718
2023-02-16,Local,6159.97595740715
2023-02-16,System,28.527652518333014
2023-02-17,Local,608.3629524409502
2023-02-17,System,1824.2161902173534
2023-02-18,Local,8980.326895007212
2023-02-18,System,108.81649000092243
2023-02-19,Local,10818.534949493811
2023-02-19,System,11230.675423711333
2023-02-20,Local,9237.156031693565
2023-02-20,System,128.53691207403682
2023-02-21,Local,8174.385454726208
2023-02-21,System,179.67966592408592
2023-02-22,Local,6362.768252685738
2023-02-22,System,97.63956000598124
2023-02-23,Local,3085.215369218476
2023-02-23,System,3.5666669208333333
2023-02-24,Local,4178.925460811214
2023-02-24,System,28.149687725
2023-02-25,Local,2256.0184962652843
2023-02-25,System,0.9535794358333334
2023-02-26,Local,17760.58775673057
2023-02-26,System,14.717328660833331
2023-02-27,Local,15115.368556239735
2023-02-27,System,16.445775864166663
2023-02-28,Local,12104.719400650582
2023-02-28,System,3.861832596666667
2023-03-01,Local,935.8257128970853
2023-03-01,System,30.787819613333333
2023-03-02,Local,7380.253111034915
2023-03-02,System,866.2421159474876
2023-03-03,Local,15739.689088202891
2023-03-03,System,294.08685586497666
2023-03-04,Local,13218.008030227973
2023-03-04,System,202.00495452687986
2023-03-05,Local,8205.487533709304
2023-03-05,System,88.34477592666666
2023-03-06,Local,11696.314371122413
2023-03-06,System,14.911191615833333
2023-03-07,Local,22314.15531308045
2023-03-07,System,20.831357808333333
2023-03-08,Local,16834.824521092025
2023-03-08,System,1.4326910858333333
2023-03-09,Local,18100.23084088623
2023-03-09,System,2.008426785833333
2023-03-10,Local,2077.9199118842203
2023-03-10,System,1.888743344999999
2023-03-11,Local,2467.5539671619204
2023-03-11,System,22.15667564
2023-03-12,Local,25273.441036731496
2023-03-12,System,39.540596414166664
2023-03-13,Local,14439.643785121154
2023-03-13,System,65.3833100106312
2023-03-14,Local,646.1542066591603
2023-03-15,Local,4438.349907503888
2023-03-15,System,2107.6956508989083
2023-03-16,Local,13413.301267640178
2023-03-16,System,2424.6146312739534
2023-03-17,Local,40282.05297761166
2023-03-17,System,65.85799688889597
2023-03-18,Local,40092.289837295015
2023-03-18,System,99.05959919961799
2023-03-19,Local,3559.945217503863
2023-03-19,System,14.419015241666647
2023-03-20,Local,4631.260515528022
2023-03-20,System,6518.971528656534
2023-03-21,Local,924.9258040439905
2023-03-21,System,969.9348238481757
2023-03-22,Local,8161.339896669821
2023-03-22,System,773.8231907983492
2023-03-23,Local,8660.527413421623
2023-03-23,System,3482.429728565777
2023-03-24,Local,6285.757083475484
2023-03-24,System,38213.34368920029
2023-03-25,Local,8087.654067132905
2023-03-25,System,49124.22088794506
2023-03-26,Local,6751.331187875509
2023-03-26,System,47143.75460678508
2023-03-27,Local,13351.614718260085
2023-03-27,System,19656.09960656916
2023-03-28,Local,13345.190451234232
2023-03-28,System,21.455882245833333
2023-03-29,Local,2893.0683331631403
2023-03-29,System,3.3059799436110815
2023-03-30,Local,17706.86591794312
2023-03-31,Local,47413.790501032556
2023-04-01,Local,16846.387381403623
2023-04-01,System,44140.39084804461
2023-04-02,Local,63269.8388115793
2023-04-02,System,5431.113874999906
2023-04-03,Local,21563.01264634117
2023-04-03,System,2451.5826411548373
2023-04-04,Local,53352.09101379324
2023-04-04,System,180.88970801898392
2023-04-05,Local,43300.3395777679
2023-04-05,System,323.5095380826841
2023-04-06,Local,39354.12456433819
2023-04-06,System,4.94999992
2023-04-07,Local,18006.93300358747
2023-04-07,System,700.3734525983994
2023-04-08,Local,26302.80641275402
2023-04-08,System,1989.736586512017
2023-04-09,Local,29046.588725919715
2023-04-09,System,5.595833142499999
2023-04-10,Local,6863.450638513749
2023-04-11,Local,5920.008609595438
2023-04-11,System,1253.0588317681377
2023-04-12,Local,6151.691912603194
2023-04-12,System,32.77345547730317
2023-04-13,Local,19659.736094630098
2023-04-13,System,2129.061057526629
2023-04-14,Local,13177.60361695108
2023-04-14,System,123.32560486903887
2023-04-15,Local,11605.46671439797
2023-04-15,System,19493.614548012614
2023-04-16,Local,11692.64067060792
2023-04-16,System,4604.770134161143
2023-04-17,Local,14907.731008962299
2023-04-17,System,72.32219579820806
2023-04-18,Local,20026.046372354856
2023-04-18,System,1574.7333546582286
2023-04-19,Local,15106.102062901835
2023-04-19,System,35589.93468577696
2023-04-20,Local,12681.768838722337
2023-04-20,System,4.809066184166666
2023-04-21,Local,7688.749781860096
2023-04-21,System,1394.8997926692716
2023-04-22,Local,13792.617760295509
2023-04-22,System,1342.9277733780223
2023-04-23,Local,23094.19726881321
2023-04-23,System,0.5566669466666666
2023-04-24,Local,8381.556193657212
2023-04-24,System,35.70576428490203
2023-04-25,Local,8515.649144322355
2023-04-25,System,4.791855332499999
2023-04-26,Local,5090.046238442568
2023-04-27,Local,6041.789237957473
2023-04-27,System,2.3250008025
2023-04-28,Local,6404.374321098202
2023-04-28,System,55.87536865
2023-04-29,Local,5279.803543243434
2023-04-29,System,25.9112012475
2023-04-30,Local,6380.698271996906
2023-04-30,System,9541.54158532742
2023-05-01,Local,4284.359156387392
2023-05-01,System,46.474456615667606
2023-05-02,Local,3094.7747700355
2023-05-02,System,466.1285099253322
2023-05-03,Local,4124.149370326815
2023-05-03,System,477.89935239084645
2023-05-04,Local,7395.558646705321
2023-05-04,System,403.58707335421366
2023-05-05,Local,8648.142045356348
2023-05-05,System,7830.70064321052
2023-05-06,Local,15485.039957441804
2023-05-06,System,26799.784744687713
2023-05-07,Local,3253.738265236443
2023-05-07,System,61042.3502951661
2023-05-08,Local,14945.211629224848
2023-05-08,System,1057.2807074414245
2023-05-09,Local,1964.8943616835268
2023-05-09,System,4726.712161253302
2023-05-10,Local,24902.513483679948
2023-05-10,System,19389.342768480936
2023-05-11,Local,15920.643563884441
2023-05-11,System,3349.696157130672
2023-05-12,Local,3469.4183764498543
2023-05-12,System,1275.5905344753937
2023-05-13,Local,5333.58238089859
2023-05-13,System,7327.7745155920275
2023-05-14,Local,2913.8582708394056
2023-05-14,System,8752.19861787684
2023-05-15,Local,1816.9142017461634
2023-05-15,System,313.8604672821723
2023-05-16,Local,1413.2710923937661
2023-05-16,System,144.22646479735803
2023-05-17,Local,2186.3533866396574
2023-05-17,System,98.95541575169399
2023-05-18,Local,1619.1375425048745
2023-05-18,System,45.21172002184953
2023-05-19,Local,1424.5387433425658
2023-05-19,System,141.5351816785698
2023-05-20,Local,1198.9786256725604
2023-05-20,System,122.272391590038
2023-05-21,Local,1282.5706930242911
2023-05-21,System,1989.4899961837675
2023-05-22,Local,1389.7288898717193
2023-05-22,System,45.20470391137713
2023-05-23,Local,1647.0562716495938
2023-05-23,System,60.48814980040142
2023-05-24,Local,4250.108639768704
2023-05-24,System,1346.4682349145462
2023-05-25,Local,4757.734652618248
2023-05-25,System,1051.620802934688
2023-05-26,Local,16551.355246697876
2023-05-26,System,1099.1489628748752
2023-05-27,Local,9824.913504301216
2023-05-27,System,8206.86217297471
2023-05-28,Local,5036.597461715298
2023-05-28,System,2284.355536653445
2023-05-29,Local,2819.072928541864
2023-05-29,System,679.6181222059631
2023-05-30,Local,2016.6563200814876
2023-05-30,System,2.9399216793430183
2023-05-31,Local,11223.532071459957
2023-05-31,System,1363.427317402594
2023-06-01,Local,5279.021245635022
2023-06-01,System,598.5949318464517
2023-06-02,Local,3745.6389769672405
2023-06-02,System,700.4268590300892
2023-06-03,Local,3748.4462673139246
2023-06-03,System,10.518933919719652
2023-06-04,Local,3383.800554918472
2023-06-04,System,0.315641575
2023-06-05,Local,3970.8801115119163
2023-06-05,System,7.559851628333335
2023-06-06,Local,11033.965949125604
2023-06-06,System,22.931366148333375
2023-06-07,Local,6058.761906406353
2023-06-07,System,46.611048458333336
2023-06-08,Local,2371.372546248143
2023-06-08,System,6.7860086125
2023-06-09,Local,2212.1813631640307
2023-06-09,System,268.99682804583364
2023-06-10,Local,841.1628845047346
2023-06-10,System,37.269469460833335
2023-06-11,Local,5648.798481592657
2023-06-11,System,1758.3245766145474
2023-06-12,Local,5048.583096013128
2023-06-12,System,60.767856519999995
2023-06-13,Local,1943.2923792298202
2023-06-13,System,960.7845567717618
2023-06-14,Local,1341.1599754877332
2023-06-14,System,1809.4297910727748
2023-06-15,Local,2447.892812388703
2023-06-15,System,67.42047995804744
2023-06-16,Local,1732.2771550288594
2023-06-16,System,84.35282253749999
2023-06-17,Local,3971.5228791193404
2023-06-17,System,1360.4233616739211
2023-06-18,Local,22501.9982385917
2023-06-18,System,7909.307367841917
2023-06-19,Local,9729.160511020073
2023-06-19,System,8667.77185523832
2023-06-20,Local,16472.871958251973
2023-06-20,System,307.5551004940208
2023-06-21,Local,10871.104571517264
2023-06-21,System,16.643298541666667
2023-06-22,Local,3457.3467028512146
2023-06-22,System,93.03029018999999
2023-06-23,Local,7417.484973173722
2023-06-23,System,127.63337026268512
2023-06-24,Local,3260.7690533753353
2023-06-24,System,155.4537256911756
2023-06-25,Local,17860.35028151673
2023-06-25,System,49.172578957499994
2023-06-26,Local,1600.4062145963405
2023-06-26,System,77.37211271173743
2023-06-27,Local,1704.4577448032485
2023-06-27,System,180.13260601583332
2023-06-28,Local,2395.6712540536346
2023-06-28,System,22.631072433488566
2023-06-29,Local,3081.6424233978987
2023-06-29,System,85.2767730374999
2023-06-30,Local,1328.7012603780352
2023-06-30,System,117.68424821833332
2023-07-01,Local,1933.0659947183922
2023-07-01,System,282.86304684163406
2023-07-02,Local,2019.2962578661532
2023-07-02,System,18.682578426666748
2023-07-03,Local,972.5489021817949
2023-07-03,System,11.459951484166323
2023-07-04,Local,4665.788156949887
2023-07-04,System,122.36828320996061
2023-07-05,Local,1393.264532953401
2023-07-05,System,85.61680751614836
2023-07-06,Local,2103.565051730131
2023-07-06,System,165.58405571666665
2023-07-07,Local,3039.257200066698
2023-07-07,System,18.522928751666324
2023-07-08,Local,2141.3835828268884
2023-07-08,System,16.810002257882708
2023-07-09,Local,2440.5459066429585
2023-07-09,System,137.024217755
2023-07-10,Local,1704.5036853888412
2023-07-10,System,313.7773574227758
2023-07-11,Local,1137.8612535758732
2023-07-11,System,83.84429946655001
2023-07-12,Local,1337.2662837128237
2023-07-12,System,27.4499986975
2023-07-13,Local,2012.0033669670104
2023-07-13,System,60.83452068416666
2023-07-14,Local,4803.250423918908
2023-07-14,System,335.8434809491664
2023-07-15,Local,1295.6764348276163
2023-07-15,System,3.795833428333333
2023-07-16,Local,606.4623194171098
2023-07-16,System,12.999205013333333
2023-07-17,Local,1277.981183026318
2023-07-17,System,107.13179093823277
2023-07-18,Local,1819.2508715703516
2023-07-18,System,67.0851192560819
2023-07-19,Local,1306.369582472942
2023-07-19,System,26.344500384161506
2023-07-20,Local,1030.9243326813967
2023-07-20,System,26.20062351912541
2023-07-21,Local,1085.0144413845228
2023-07-21,System,134.05978698085303
2023-07-22,Local,1136.9713554298942
2023-07-22,System,16.024229102499998
2023-07-23,Local,954.540388842962
2023-07-23,System,55.749466315576605
2023-07-24,Local,1014.1786908681056
2023-07-24,System,74.43484878712097
2023-07-25,Local,1988.2273771050523
2023-07-25,System,22.359407565708757
2023-07-26,Local,1374.4001065509792
2023-07-26,System,55.92156193169431
2023-07-27,Local,1567.1579348984862
2023-07-27,System,20.602825132492992
2023-07-28,Local,1447.0028172949496
2023-07-28,System,86.00963633046764
2023-07-29,Local,1314.2410852289158
2023-07-29,System,194.15645914094367
2023-07-30,Local,1017.1009922450688
2023-07-30,System,83.30993018190152
2023-07-31,Local,1046.231081614656
2023-07-31,System,11.455329177683408
2023-08-01,Local,1479.9944792502426
2023-08-01,System,106.19523691271303
2023-08-02,Local,1390.6526346268583
2023-08-02,System,38.72481038763411
2023-08-03,Local,1964.1964945560749
2023-08-03,System,376.95798346820106
2023-08-04,Local,2260.5421642263786
2023-08-04,System,42.881416732419375
2023-08-05,Local,2488.4682231773063
2023-08-05,System,103.78436775759741
2023-08-06,Local,2467.6464942370267
2023-08-06,System,89.09505394175356
2023-08-07,Local,1393.3972575980142
2023-08-07,System,51.507754794791076
2023-08-08,Local,978.2063272062708
2023-08-08,System,52.152872130834844
2023-08-09,Local,1066.093871635413
2023-08-09,System,13.84245815583235
2023-08-10,Local,630.9371962156455
2023-08-10,System,66.58819119300554
2023-08-11,Local,443.92491520103295
2023-08-11,System,43.67863019094893
2023-08-12,Local,1476.9984175530467
2023-08-12,System,22.15409607333333
2023-08-13,Local,819.4847794595873
2023-08-13,System,35.04983617404075
2023-08-14,Local,1118.7146306263433
2023-08-14,System,108.83527363583333
2023-08-15,Local,847.9030138498773
2023-08-15,System,43.36791321166666
2023-08-16,Local,541.5057099625024
2023-08-16,System,43.56643302166666
2023-08-17,Local,748.462671472935
2023-08-17,System,100.98130625978729
2023-08-18,Local,894.0388344602475
2023-08-18,System,50.985534854166794
2023-08-19,Local,761.7242172202863
2023-08-19,System,131.4255428722007
2023-08-20,Local,47.91992899274106
2023-08-20,System,13.836623856666662
2023-08-21,Local,2541.6453377873013
2023-08-21,System,114.40223999371321
2023-08-22,Local,2049.882552923639
2023-08-22,System,101.16514835427682
2023-08-23,Local,2347.5564530650468
2023-08-23,System,44.76685439499965
2023-08-24,Local,1562.9047269227326
2023-08-24,System,17.56489148291714
2023-08-25,Local,1818.732343808483
2023-08-25,System,72.07939258191713
2023-08-26,Local,2262.145517774341
2023-08-26,System,3.230655454500075
2023-08-27,Local,2476.6612943040323
2023-08-27,System,112.18882390109006
2023-08-28,Local,2324.400256352728
2023-08-28,System,56.27111520554705
2023-08-29,Local,1668.2617266050527
2023-08-29,System,68.83198174166667
2023-08-30,Local,1282.2501852264643
2023-08-30,System,29.63986463416673
2023-08-31,Local,2024.333491648935
2023-08-31,System,43.90612108540981
2023-09-01,Local,1525.6193016512616
2023-09-01,System,29.545833987499996
2023-09-02,Local,916.5930883931123
2023-09-02,System,14.536457428333332
2023-09-03,Local,1634.7342008134815
2023-09-03,System,269.96976095626707
2023-09-04,Local,12712.450421719717
2023-09-04,System,133.37733655302756
2023-09-05,Local,7204.984801181762
2023-09-05,System,4.32283887333333
2023-09-06,Local,1847.6200506648493
2023-09-06,System,9.614786628333333
2023-09-07,Local,2227.9306419887557
2023-09-07,System,24.11226118833332
2023-09-08,Local,1334.4680596733415
2023-09-08,System,3.1101699258333335
2023-09-09,Local,1310.3709868663134
2023-09-09,System,12.244281469611881
2023-09-10,Local,1016.3634705797898
2023-09-10,System,19.621204113333334
2023-09-11,Local,772.7662855275115
2023-09-11,System,71.10340492666666
2023-09-12,Local,1928.6491094953888
2023-09-12,System,27.017652429166663
2023-09-13,Local,2129.530082303931
2023-09-13,System,32.76259023666666
2023-09-14,Local,2229.443920012959
2023-09-14,System,0.09858863166666666
2023-09-15,Local,2538.045833324299
2023-09-15,System,1.0499999999999998
2023-09-16,Local,3067.45135306688
2023-09-16,System,39.08386236
2023-09-17,Local,2564.3318906398613
2023-09-17,System,32.85579933833333
2023-09-18,Local,816.8758543960605
2023-09-18,System,336.71958622727556
2023-09-19,Local,1668.0080348655981
2023-09-19,System,14.14770775499999
2023-09-20,Local,2022.6549636054765
2023-09-20,System,12.5332693625
2023-09-21,Local,4023.854422161764
2023-09-21,System,41.59682349607766
2023-09-22,Local,1947.5661842967102
2023-09-22,System,17.05619042053883
2023-09-23,Local,2870.283136405281
2023-09-23,System,83.69533978134507
2023-09-24,Local,3043.560107306139
2023-09-24,System,5.1766866925
2023-09-25,Local,1143.0089182717036
2023-09-25,System,19.348763696666673
2023-09-26,Local,909.0930423468228
2023-09-26,System,33.30461246730042
2023-09-27,Local,1437.8677450410976
2023-09-27,System,95.2308723516666
2023-09-28,Local,1762.793315504949
2023-09-28,System,23.559528265
2023-09-29,Local,909.8527988043047
2023-09-29,System,15.335162304999999
2023-09-30,Local,2293.0172620550225
2023-09-30,System,154.11703230666632
2023-10-01,Local,4394.375605913763
2023-10-01,System,14.385696719166667
2023-10-02,Local,3896.2539116816747
2023-10-02,System,17.7249692734852
2023-10-03,Local,9057.690294415406
2023-10-03,System,0.3598071099999991
2023-10-04,Local,11787.85850122854
2023-10-04,System,1.1706192066666659
2023-10-05,Local,8415.563504261267
2023-10-05,System,18.487054390765014
2023-10-06,Local,4884.687076909505
2023-10-06,System,33.610869343333995
2023-10-07,Local,1609.482349058245
2023-10-07,System,122.63654407260711
2023-10-08,Local,915.0571660773556
2023-10-08,System,68.63815487883248
2023-10-09,Local,6226.168827625685
2023-10-09,System,14.064740789166665
2023-10-10,Local,5442.178504995906
2023-10-10,System,4.8171546141666655
2023-10-11,Local,9166.365150407146
2023-10-11,System,4.837499884166666
2023-10-12,Local,12756.427198733392
2023-10-12,System,1589.770890297122
2023-10-13,Local,5412.782731286694
2023-10-13,System,32.4857265218716
2023-10-14,Local,5582.567091646184
2023-10-14,System,4239.107867679574
2023-10-15,Local,8507.024488410236
2023-10-15,System,4.832999835
2023-10-16,Local,3752.8481868905133
2023-10-16,System,24.167499685
2023-10-17,Local,1809.033015112544
2023-10-17,System,23.9366664875
2023-10-18,Local,484.19745480449205
2023-10-18,System,17.366606826666725
2023-10-19,Local,452.74193183422614
2023-10-19,System,2.0637699623011247
2023-10-20,Local,414.6969614454454
2023-10-20,System,1.174904657499834
2023-10-21,Local,460.1673956838162
2023-10-21,System,0.35494186166666664
2023-10-22,Local,8013.063168061726
2023-10-22,System,5.185076085833
2023-10-23,Local,10206.124694041748
2023-10-23,System,41.744683945
2023-10-24,Local,14496.187840765568
2023-10-25,Local,13827.732866941104
2023-10-25,System,8.520791492499999
2023-10-26,Local,9728.137774976562
2023-10-26,System,23.12083366083333
2023-10-27,Local,5698.094513312594
2023-10-27,System,10.197402448333333
2023-10-28,Local,8062.867771778572
2023-10-29,Local,12875.568644873316
2023-10-30,Local,4933.106205756597
2023-10-31,Local,4823.100797978119
2023-10-31,System,169.16797348359
2023-11-01,Local,3426.456758967722
2023-11-01,System,0.5916666383333333
2023-11-02,Local,2476.8789869076063
2023-11-02,System,98.78771854916667
2023-11-03,Local,139.14805237598455
2023-11-03,System,16.74479755066703
2023-11-04,Local,157.75370472499688
2023-11-04,System,481.3169065097551
2023-11-05,Local,1255.390321991493
2023-11-05,System,11.911729479166667
2023-11-06,Local,6189.275857722181
2023-11-06,System,12.7145896251673
2023-11-07,Local,4908.545430602673
2023-11-07,System,26.88230105613345
2023-11-08,Local,6466.114601796061
2023-11-09,Local,6902.212308747138
2023-11-09,System,1.2108332533333332
2023-11-10,Local,2471.4777258473678
2023-11-11,Local,401.36961690127396
2023-11-11,System,5379.527116973404
2023-11-12,Local,417.9250356400348
2023-11-12,System,80.65108790597837
2023-11-13,Local,708.6694028195999
2023-11-13,System,2.2436385655338325
2023-11-14,Local,951.727145223509
2023-11-15,System,0.28324871416666747
2023-11-16,Local,675.315310252165
2023-11-16,System,2.8025000891666667
2023-11-17,Local,73.32172309547994
2023-11-17,System,15.830834038333332
2023-11-18,Local,146.7933561413967
2023-11-19,Local,7091.519234601708
2023-11-19,System,4056.4025983490924
2023-11-20,Local,6355.139975005725
2023-11-20,System,0.13416673666666667
2023-11-21,Local,1168.6591066128542
2023-11-22,Local,975.5858546561789
2023-11-23,Local,161.8459711460759
2023-11-23,System,11.066166856666666
2023-11-24,Local,96.92079929026174
2023-11-24,System,0.8284219499999992
2023-11-25,Local,2092.4163860039635
2023-11-25,System,14.964694912499999
2023-11-26,Local,984.9786624066212
2023-11-27,Local,442.33199279796764
2023-11-27,System,6.7941618974999995
2023-11-28,Local,1011.5070077289563
2023-11-29,Local,507.0747308104653
2023-11-30,System,0.6902993533333333
2023-12-01,Local,2685.9499707786317
2023-12-01,System,4.442500031666975
2023-12-02,Local,4422.869059270163
2023-12-03,Local,87.974853325
2023-12-04,Local,572.9236361102732
2023-12-05,Local,947.12058251586
2023-12-06,Local,2977.1458302262295
2023-12-06,System,0.35311017666666666
2023-12-07,Local,7597.821719569757
2023-12-08,Local,3196.5437110315765
2023-12-08,System,4.0400001266666665
2023-12-09,Local,1467.111673257293
2023-12-09,System,8.384644268333332
2023-12-10,Local,37.141219769573226
2023-12-11,Local,31.974793027778098
2023-12-12,Local,118.89955390712264
2023-12-12,System,34.098855048333334
2023-12-13,Local,21.661397752590926
2023-12-13,System,1.0908333458333332
2023-12-14,System,1.1859170706100417
2023-12-15,Local,141.4730144896159
2023-12-16,Local,64.16523904645506
2023-12-16,System,0.2975000958333333
2023-12-17,Local,22.09004132833333
2023-12-18,Local,0.5749999999999991
2023-12-18,System,0.9333333333333332
2023-12-19,Local,1820.4115616319639
2023-12-20,Local,1310.330252373251
2023-12-20,System,1.1541665591666666
2023-12-22,System,4.4758244566666665
2023-12-23,Local,44.68049857916667
2023-12-23,System,61.379326639166656
2023-12-24,Local,195.21817450186228
2023-12-25,Local,2993.778049510811
2023-12-26,Local,26.86630451000083
2023-12-26,System,10.332592590000583
2023-12-27,Local,48.762500145
2023-12-28,Local,59.61997003825963
2023-12-28,System,2.447499998333333
2023-12-29,Local,3.648770895
2023-12-30,Local,223.7699867807787
2023-12-30,System,0.2966039483333333
2023-12-31,Local,0.5900000125
2024-01-01,Local,1642.9822366478033
2024-01-02,Local,6.150000636666662
2024-01-03,Local,35.58255729819207
2024-01-04,Local,11.251341410920332
2024-01-05,Local,61.10166607916666
2024-01-05,System,1.7123766293989418
2024-01-06,Local,0.3169998733333317
2024-01-07,Local,850.2449369329565
2024-01-08,Local,2111.7513507877443
2024-01-08,System,1.5783333208333334
2024-01-09,Local,3669.7670708279607
2024-01-09,System,10.062653748333506
2024-01-10,Local,3178.3410585308725
2024-01-10,System,7.0033330475
2024-01-11,Local,4657.239725305219
2024-01-12,Local,3909.302054986385
2024-01-12,System,10.89566502
2024-01-13,Local,9396.066068218079
2024-01-13,System,1.0673333616666667
2024-01-14,Local,12243.038359697155
2024-01-15,Local,5926.133898621361
2024-01-15,System,81.40489843725005
2024-01-16,Local,6894.394140641829
2024-01-17,Local,2178.132067325373
2024-01-17,System,58.10495863583333
2024-01-18,Local,9872.55850298705
2024-01-18,System,2.1125000316666664
2024-01-19,Local,2174.8988513017052
2024-01-20,Local,67.53813938731845
2024-01-21,Local,12.619931730810375
2024-01-21,System,0.39666670499999995
2024-01-22,Local,18.644454497348175
2024-01-23,Local,22.117843676666666
2024-01-23,System,2.6646973291666667
2024-01-24,Local,38.93242207
2024-01-25,Local,1646.7048374226938
2024-01-25,System,0.8494570216666666
2024-01-26,Local,3660.6808489273985
2024-01-27,Local,10171.06908019289
2024-01-27,System,1.1620258208333332
2024-01-28,Local,9571.979184491267
2024-01-28,System,1.5907924647801166
2024-01-29,Local,829.5752260013663
2024-01-29,System,15.683068982499998
2024-01-30,Local,326.62448693135445
2024-01-30,System,10.887852723238748
2024-01-31,Local,110.33981239586298
2024-01-31,System,1.655000095833333
2024-02-01,Local,19.222011359936644
2024-02-01,System,0.29916667333336666
2024-02-02,Local,2528.7095915443483
2024-02-02,System,38.501967727839045
2024-02-03,Local,8691.385433841127
2024-02-04,Local,42.87662384781908
2024-02-05,Local,68.04945267917833
2024-02-05,System,0.09437327916666667
2024-02-06,Local,125.51436847971226
2024-02-07,Local,261.79877055944957
2024-02-08,Local,93.20271029984579
2024-02-08,System,7.268332926666666
2024-02-09,Local,146.23303473222592
2024-02-09,System,0.8366666191667582
2024-02-10,Local,6365.658319816219
2024-02-10,System,45.995645494166666
2024-02-11,Local,17524.321283924106
2024-02-11,System,15.70609627483884
2024-02-12,Local,10383.204311102745
2024-02-12,System,228.51928439180392
2024-02-13,Local,8500.252462887966
2024-02-13,System,23.709352691666414
2024-02-14,Local,7511.367489379632
2024-02-14,System,34.02246785249987
2024-02-15,Local,6633.0237903512725
2024-02-15,System,72.77172097025968
2024-02-16,Local,1613.354635672861
2024-02-16,System,2.9424997766666663
2024-02-17,Local,103.09286359499998
2024-02-18,Local,21501.484820505273
2024-02-19,Local,1082.6544354762175
2024-02-19,System,34.859846986388916
2024-02-20,Local,216.61442301767056
2024-02-20,System,15.281870061666707
2024-02-21,Local,9653.473608308064
2024-02-21,System,0.2900000508333333
2024-02-22,Local,17473.114237003898
2024-02-22,System,51.769217697500004
2024-02-23,Local,943.5747275527904
2024-02-23,System,1174.115893631677
2024-02-24,Local,5530.55086445512
2024-02-24,System,8183.820748560698
2024-02-25,Local,12502.887341432475
2024-02-25,System,1697.119455171493
2024-02-26,Local,110.7300210285446
2024-02-26,System,6.140249873333331
2024-02-27,Local,17026.792503949466
2024-02-27,System,542.4244819634132
2024-02-28,Local,22159.08579693733
2024-02-28,System,35.79664915492483
2024-02-29,Local,22583.744149788585
2024-02-29,System,17.466667174999998
2024-03-01,Local,24347.050357072254
2024-03-01,System,51.261175704578854
2024-03-02,Local,6299.4941929505785
2024-03-02,System,10.558996858333332
2024-03-03,Local,35213.13631584501
2024-03-04,Local,34860.96833590725
2024-03-04,System,288.28848886916666
2024-03-05,Local,29824.924780044697
2024-03-05,System,15.868232166666665
2024-03-06,Local,9166.977519904462
2024-03-06,System,2.258421813333333
2024-03-07,Local,9999.34065578545
2024-03-08,Local,32494.7165008908
2024-03-08,System,8.35590453916675
2024-03-09,Local,29937.455899493456
2024-03-09,System,41.53416634
2024-03-10,Local,22980.570592760883
2024-03-10,System,7.6721072275
2024-03-11,Local,26295.376655678345
2024-03-11,System,3.159166679166667
2024-03-12,Local,10753.090743783117
2024-03-12,System,235.09251637833407
2024-03-13,Local,22731.970999306694
2024-03-13,System,10.900480830570533
2024-03-14,Local,13030.239255857176
2024-03-14,System,4.251916568333333
2024-03-15,Local,8788.583107325689
2024-03-15,System,2.2739164758333335
2024-03-16,Local,10563.136545560203
2024-03-16,System,78.94381294052783
2024-03-17,Local,32164.799776006523
2024-03-17,System,1.9807997433333333
2024-03-18,Local,17423.117978910028
2024-03-18,System,6.418172398749992
2024-03-19,Local,24286.498160816907
2024-03-19,System,173.5667671793808
2024-03-20,Local,27763.040335292495
2024-03-20,System,3532.749118123364
2024-03-21,Local,36411.72022370285
2024-03-21,System,40.80108076529262
2024-03-22,Local,17327.30904372981
2024-03-22,System,17.535064716666607
2024-03-23,Local,10464.865990929218
2024-03-23,System,47.653055527065995
2024-03-24,Local,10684.608051364858
2024-03-24,System,46.82776809656639
2024-03-25,Local,26799.714877691596
2024-03-25,System,50.26430802344872
2024-03-26,Local,24763.74452639194
2024-03-26,System,7352.846338605366
2024-03-27,Local,36259.71359069507
2024-03-27,System,92.94436534732979
2024-03-28,Local,28195.465088310124
2024-03-28,System,7.552269814686666
2024-03-29,Local,27831.032834373495
2024-03-29,System,3.01815701524508
2024-03-30,Local,6411.10614090672
2024-03-30,System,197.15843027083332
2024-03-31,Local,8556.571669283223
2024-03-31,System,626.1680827300622
2024-04-01,Local,22445.492202768863
2024-04-02,Local,54968.52525517964
2024-04-02,System,399.62170609883674
2024-04-03,Local,46319.564455400294
2024-04-03,System,2.6566666766666662
2024-04-04,Local,22641.61650074833
2024-04-04,System,15.67082982
2024-04-05,Local,14980.615302209308
2024-04-05,System,30.043907544999996
2024-04-06,Local,58965.34963790071
2024-04-06,System,1582.487479768834
2024-04-07,Local,53170.63007350383
2024-04-07,System,726.8535766713525
2024-04-08,Local,34549.023065339396
2024-04-08,System,81.36578358846944
2024-04-09,Local,48340.64497331759
2024-04-09,System,775.3175121883723
2024-04-10,Local,24683.751518410423
2024-04-11,Local,15477.318508961778
2024-04-11,System,0.5168790075787917
2024-04-12,Local,17827.5868951818
2024-04-12,System,103.78871492166667
2024-04-13,Local,13708.766335095406
2024-04-13,System,17.16471817658332
2024-04-14,Local,11411.669912097032
2024-04-14,System,17.226250202499997
2024-04-15,Local,32866.133557546316
2024-04-15,System,146.42699050602496
2024-04-16,Local,33405.86483606687
2024-04-16,System,84.67867197073241
2024-04-17,Local,23520.589313058987
2024-04-17,System,19.558885666667006
2024-04-18,Local,6281.28712987288
2024-04-18,System,18.627925569166667
2024-04-19,Local,18139.164419410063
2024-04-20,Local,16022.674377361845
2024-04-20,System,4605.729470892291
2024-04-21,Local,23213.161511056416
2024-04-21,System,1082.6562125107082
2024-04-22,Local,14003.711576830143
2024-04-22,System,135.33166595416665
2024-04-23,Local,14382.46999030888
2024-04-23,System,47.831649760832754
2024-04-24,Local,18264.34279138294
2024-04-24,System,14.763666886944499
2024-04-25,Local,16362.130433470342
2024-04-25,System,67.95856193054792
2024-04-26,Local,10013.047103284009
2024-04-26,System,75.59727741166665
2024-04-27,Local,38132.74340508032
2024-04-27,System,3047.978558818431
2024-04-28,Local,44148.14834256269
2024-04-28,System,1307.5971595590318
2024-04-29,Local,13690.268886014208
2024-04-29,System,7871.144926085135
2024-04-30,Local,11311.60536897743
2024-04-30,System,2275.068921769675
2024-05-01,Local,12676.103145787507
2024-05-01,System,7307.449004628425
2024-05-02,Local,10400.866639680595
2024-05-03,Local,14376.111622312854
2024-05-04,Local,739.4526409956447
2024-05-04,System,1.1991671241666666
2024-05-05,Local,39269.522850818175
2024-05-05,System,4065.189657958944
2024-05-06,Local,10482.405077399755
2024-05-06,System,21692.04547047408
2024-05-07,Local,16983.2646229467
2024-05-07,System,26914.537321260443
2024-05-08,Local,29131.370490440815
2024-05-08,System,627.1883373266667
2024-05-09,Local,10861.920713602314
2024-05-09,System,53.648333555833325
2024-05-10,Local,5925.3135430282655
2024-05-10,System,107.10102965789197
2024-05-11,Local,17940.03047345443
2024-05-11,System,5.802253201666666
2024-05-12,Local,21956.604067778717
2024-05-12,System,166.8028240428265
2024-05-13,Local,6893.784352401776
2024-05-13,System,95.29985623502316
2024-05-14,Local,7158.413620536302
2024-05-14,System,19.55994095333333
2024-05-15,Local,1741.2909026321329
2024-05-15,System,75.83402410825667
2024-05-16,Local,8774.133975711302
2024-05-16,System,3654.2961704398144
2024-05-17,Local,18571.39759092098
2024-05-17,System,3528.3819460231643
2024-05-18,Local,19330.05173456587
2024-05-18,System,4051.466499737519
2024-05-19,Local,34469.79299602551
2024-05-19,System,15108.601624039662
2024-05-20,Local,12256.90926538039
2024-05-20,System,350.97601686609016
2024-05-21,Local,30499.08641313574
2024-05-21,System,43.78077438952026
2024-05-22,Local,24602.463822498292
2024-05-22,System,802.5987067778843
2024-05-23,Local,25304.58983600426
2024-05-23,System,461.06700016792746
2024-05-24,Local,13414.123710249489
2024-05-24,System,322.5871289931154
2024-05-25,Local,34018.80986964812
2024-05-25,System,3308.571897730711
2024-05-26,Local,49728.712988616404
2024-05-26,System,271.51579760490904
2024-05-27,Local,21880.344397787758
2024-05-27,System,98.84739134050129
2024-05-28,Local,6696.644988493743
2024-05-28,System,193.2732155182391
2024-05-29,Local,7767.474579363355
2024-05-29,System,4928.660174408158
2024-05-30,Local,11658.651167084965
2024-05-30,System,94.00315336039453
2024-05-31,Local,14157.521654362929
2024-05-31,System,113.24462516673007
2024-06-01,Local,26302.82551526868
2024-06-01,System,1078.003326820959
2024-06-02,Local,24446.702782965534
2024-06-02,System,9768.758455068717
2024-06-03,Local,3666.15891531937
2024-06-03,System,670.0109735516427
2024-06-04,Local,3647.1818548837027
2024-06-04,System,4096.808771915781
2024-06-05,Local,4611.417176548289
2024-06-05,System,1876.527818014749
2024-06-06,Local,2656.5373264590885
2024-06-06,System,559.7846700141666
2024-06-07,Local,5474.22680126261
2024-06-07,System,184.07833432416666
2024-06-08,Local,3157.4072062496657
2024-06-08,System,732.6981229086491
2024-06-09,Local,10720.00174596848
2024-06-09,System,5694.384950775019
2024-06-10,Local,2811.9295926224804
2024-06-10,System,1509.837892115
2024-06-11,Local,2833.5254065834392
2024-06-11,System,1205.2263712778158
2024-06-12,Local,4511.091597701871
2024-06-12,System,783.8558624983248
2024-06-13,Local,5172.222747689721
2024-06-13,System,20.3610841975
2024-06-14,Local,1379.5076118145823
2024-06-14,System,705.3360623370895
2024-06-15,Local,5597.760985424606
2024-06-15,System,2557.817354590572
2024-06-16,Local,9041.821734234056
2024-06-16,System,6957.627442749339
2024-06-17,Local,10014.965557162886
2024-06-17,System,4620.256829964141
2024-06-18,Local,7336.923073183875
2024-06-18,System,2164.7919122947783
2024-06-19,Local,4894.3505949005985
2024-06-19,System,1839.513493205011
2024-06-20,Local,3312.304313530892
2024-06-20,System,453.1364450966667
2024-06-21,Local,1847.2287673504418
2024-06-21,System,566.6493796529003
2024-06-22,Local,1694.291427273228
2024-06-22,System,14.186850470000747
2024-06-23,Local,1522.4410503216666
2024-06-23,System,57.49953875555534
2024-06-24,Local,931.4419697346538
2024-06-24,System,408.980431138917
2024-06-25,Local,1492.8440536241949
2024-06-25,System,251.68655837197176
2024-06-26,Local,2024.3714161493879
2024-06-26,System,431.68850293604993
2024-06-27,Local,2974.7930627432356
2024-06-27,System,1913.9875966274437
2024-06-28,Local,3025.835619190497
2024-06-28,System,2141.1854430819994
2024-06-29,Local,3575.3624116224337
2024-06-29,System,156.82134047620013
2024-06-30,Local,3865.167380310109
2024-06-30,System,1238.9712775840383
2024-07-01,Local,2747.0648145619093
2024-07-01,System,2089.7587010496068
2024-07-02,Local,2345.7040842079077
2024-07-02,System,960.1716832589984
2024-07-03,Local,1416.7608341696157
2024-07-03,System,1998.025552885958
2024-07-04,Local,1372.1546807829284
2024-07-04,System,443.2796950889071
2024-07-05,Local,1692.3344876639796
2024-07-05,System,1194.4318750897914
2024-07-06,Local,1576.7854615336303
2024-07-06,System,56.735097597499994
2024-07-07,Local,1189.0679707402287
2024-07-07,System,28.430926511110982
2024-07-08,Local,1317.045895731281
2024-07-08,System,273.54751849166666
2024-07-09,Local,1462.7716029750202
2024-07-09,System,19.608543943333245
2024-07-10,Local,1373.4835335382693
2024-07-10,System,406.9009681416664
2024-07-11,Local,1456.0380038607286
2024-07-11,System,630.6067144945241
2024-07-12,Local,1171.3298171980412
2024-07-12,System,352.53787728671625
2024-07-13,Local,684.184189526408
2024-07-13,System,128.1400908388041
2024-07-14,Local,2113.434169368915
2024-07-14,System,25.084358719166666
2024-07-15,Local,633.3300018386541
2024-07-15,System,387.54380689823887
2024-07-16,Local,847.7541893655118
2024-07-16,System,483.05634376833353
2024-07-17,Local,1689.353537543747
2024-07-17,System,202.96361668166665
2024-07-18,Local,982.4329795022703
2024-07-18,System,125.56564700416665
2024-07-19,Local,1517.9029224328945
2024-07-19,System,410.63028245889717
2024-07-20,Local,972.3630118953841
2024-07-20,System,17.72257928000041
2024-07-21,Local,1753.7714965272173
2024-07-21,System,31.144102694499516
2024-07-22,Local,1871.401256368817
2024-07-22,System,181.36118519616753
2024-07-23,Local,1606.9643030488023
2024-07-23,System,16.245023230833333
2024-07-24,Local,1255.6590081393608
2024-07-24,System,57.29011368761816
2024-07-25,Local,929.3531742789403
2024-07-25,System,107.40132405500036
2024-07-26,Local,1166.5480078925757
2024-07-26,System,423.04985351340207
2024-07-27,Local,2513.0491100961767
2024-07-27,System,937.3732460431518
2024-07-28,Local,2878.3667429603447
2024-07-28,System,1551.476081740928
2024-07-29,Local,1849.6154161583095
2024-07-29,System,532.9935855393228
2024-07-30,Local,2233.677500702538
2024-07-30,System,428.24733311416657
2024-07-31,Local,1331.8009052068478
2024-07-31,System,47.85602934250016
2024-08-01,Local,1530.8854718367181
2024-08-02,Local,84.41552941584666
2024-08-02,System,51.93287925083223
2024-08-03,Local,1080.0269231175794
2024-08-03,System,101.77279153450635
2024-08-04,Local,1690.0317522806072
2024-08-04,System,156.72961516095015
2024-08-05,Local,1857.3052963404984
2024-08-05,System,653.5815196890048
2024-08-06,Local,1929.7949397710292
2024-08-06,System,1003.4249731742445
2024-08-07,Local,1549.5063040568618
2024-08-07,System,759.5436244783333
2024-08-08,Local,1339.5010692678054
2024-08-08,System,65.3282969050001
2024-08-09,Local,1248.0453230608023
2024-08-09,System,85.88473155937454
2024-08-10,Local,1916.3172035409634
2024-08-10,System,97.73004145586096
2024-08-11,Local,2378.2935648631255
2024-08-11,System,15.24654488958313
2024-08-12,Local,1336.1111107289628
2024-08-12,System,200.6505621787474
2024-08-13,Local,1571.0676723908343
2024-08-13,System,26.22407932500009
2024-08-14,Local,2245.502939247839
2024-08-14,System,69.00256104182554
2024-08-15,Local,4643.333518865529
2024-08-15,System,43.720898999166586
2024-08-16,Local,1213.6655118485414
2024-08-16,System,7.269588975000191
2024-08-17,Local,938.797914771748
2024-08-17,System,3.400250216666664
2024-08-18,Local,5113.765045393525
2024-08-18,System,2.9458328249999175
2024-08-19,Local,1482.072693698208
2024-08-19,System,21.366169066667922
2024-08-20,Local,2250.9280380293985
2024-08-20,System,11.76874495333275
2024-08-21,Local,1678.3246840610595
2024-08-21,System,42.31698967616741
2024-08-22,Local,2742.715409898726
2024-08-22,System,18.101337386666664
2024-08-23,Local,3947.7740615531816
2024-08-23,System,2.8068655158333313
2024-08-24,Local,3851.9425159001958
2024-08-24,System,1360.5114549429234
2024-08-25,Local,5856.895927272274
2024-08-25,System,772.1281769371928
2024-08-26,Local,2365.637766282493
2024-08-26,System,0.17250010166666666
2024-08-27,Local,1391.5060621931696
2024-08-27,System,97.69673769583288
2024-08-28,Local,2153.950896445399
2024-08-28,System,35.41911472499812
2024-08-29,Local,1065.150534648773
2024-08-29,System,28.187329249737736
2024-08-30,Local,1272.6534141451646
2024-08-30,System,7.676316286440216
2024-08-31,Local,1324.0877346515606
2024-08-31,System,16.75830314147333
2024-09-01,Local,1205.6519016978873
2024-09-01,System,55.41483609928991
2024-09-02,Local,1571.849323518048
2024-09-02,System,10.685333205833324
2024-09-03,Local,1627.981527483684
2024-09-03,System,41.77941746333333
2024-09-04,Local,1382.6491731195429
2024-09-04,System,51.47914869749984
2024-09-05,Local,2313.525737348682
2024-09-05,System,186.85924476672366
2024-09-06,Local,1077.9918476745179
2024-09-06,System,128.25626922254773
2024-09-07,Local,973.7541620188616
2024-09-07,System,127.37401415994265
2024-09-08,Local,1041.6822726288156
2024-09-08,System,100.06047331100031
2024-09-09,Local,1220.0170316192762
2024-09-09,System,37.65031427862068
2024-09-10,Local,1017.2196408570122
2024-09-10,System,47.15143621332566
2024-09-11,Local,1311.5103602768015
2024-09-11,System,48.477869513663414
2024-09-12,Local,5604.964116164864
2024-09-12,System,1639.7945402683602
2024-09-13,Local,4921.030841761129
2024-09-13,System,22.453510909166656
2024-09-14,Local,4626.408604019781
2024-09-14,System,6.534451961667033
2024-09-15,Local,6392.188604630143
2024-09-15,System,119.97142764338777
2024-09-16,Local,8844.782459495927
2024-09-16,System,14.917820560833357
2024-09-17,Local,18383.18641302725
2024-09-17,System,3625.4427172970077
2024-09-18,Local,3460.7484835440287
2024-09-18,System,24.292418754167084
2024-09-19,Local,1196.580628062726
2024-09-19,System,43.02479437819242
2024-09-20,Local,3214.291410141587
2024-09-20,System,12.165833885
2024-09-21,Local,10697.509110466777
2024-09-21,System,0.6800000508333316
2024-09-22,Local,9098.196526254747
2024-09-22,System,13.329166349166707
2024-09-23,Local,6246.323578250369
2024-09-23,System,17.584172315833065
2024-09-24,Local,1931.544302781148
2024-09-24,System,3.6591852791666666
2024-09-25,Local,2016.6077780276357
2024-09-25,System,8.3050326479465
2024-09-26,Local,1705.9490429661432
2024-09-26,System,107.69281747666692
2024-09-27,Local,1077.8253269468726
2024-09-27,System,171.1074048041671
2024-09-28,Local,1743.3896450138761
2024-09-28,System,0.2783332825
2024-09-29,Local,3961.312284415257
2024-09-29,System,29.409999917499995
2024-09-30,Local,1848.121577438575
2024-10-01,Local,1768.086342086046
2024-10-01,System,1.8383333683333334
2024-10-02,Local,2911.8261421096818
2024-10-02,System,8.010551484999999
2024-10-03,Local,2038.2239415650317
2024-10-04,Local,981.5654360625379
2024-10-04,System,61.89507528472338
2024-10-05,Local,911.2886198350158
2024-10-05,System,125.24804193583469
2024-10-06,Local,1761.21731904469
2024-10-06,System,246.74079410249942
2024-10-07,Local,3980.5541348353004
2024-10-07,System,59.200524288599695
2024-10-08,Local,3685.5304457712996
2024-10-08,System,371.3650247663783
2024-10-09,Local,5937.699876079202
2024-10-09,System,180.31395523583456
2024-10-10,Local,4986.835541563121
2024-10-10,System,37.669695857778756
2024-10-11,Local,5334.927296404278
2024-10-11,System,5.2130659816666665
2024-10-12,Local,10183.572514555128
2024-10-12,System,1.8055830749999981
2024-10-13,Local,5467.454653429835
2024-10-14,Local,2758.3343666949795
2024-10-14,System,28.51916635
2024-10-15,Local,614.0632779474007
2024-10-15,System,0.601667019999999
2024-10-16,Local,291.49213329425123
2024-10-16,System,137.40550676416657
2024-10-17,Local,7460.292173928899
2024-10-17,System,0.5152501275
2024-10-18,Local,3909.94028421794
2024-10-18,System,3.378890999999999
2024-10-19,Local,15060.0235816795
2024-10-19,System,10.766327733333332
2024-10-20,Local,8913.456559830283
2024-10-21,Local,10612.88629917552
2024-10-22,Local,5665.443686167784
2024-10-22,System,4.755249821666665
2024-10-23,Local,7336.670938048475
2024-10-23,System,81.88474323333321
2024-10-24,Local,5691.798346665586
2024-10-24,System,26.546709439999997
2024-10-25,Local,2087.5069129105773
2024-10-25,System,1.1308342233333333
2024-10-26,Local,510.0427415949227
2024-10-26,System,10.541664633333333
2024-10-27,Local,54.722223067238566
2024-10-28,Local,1127.8488481375161
2024-10-28,System,7.272409444999999
2024-10-29,Local,3882.6961507180717
2024-10-29,System,13.870000203333332
2024-10-30,Local,6059.734042508631
2024-10-30,System,0.250833435
2024-10-31,Local,8923.126422820495
2024-10-31,System,40.433795071790016
2024-11-01,Local,1033.4489091702321
2024-11-01,System,19.226582763333383
2024-11-02,Local,552.5629904361925
2024-11-02,System,102.27677930833343
2024-11-03,Local,16878.875375464482
2024-11-03,System,22.273218489999717
2024-11-04,Local,6610.660810541953
2024-11-04,System,1.1334121716666665
2024-11-05,Local,431.14909987570604
2024-11-05,System,0.09916664083333417
2024-11-06,Local,9477.052271697175
2024-11-06,System,17.068621525119084
2024-11-07,Local,1598.214289196421
2024-11-07,System,3.199915535833332
2024-11-08,Local,490.7462725097531
2024-11-08,System,0.996667225833334
2024-11-09,Local,8378.334498851395
2024-11-09,System,6.9963255575007
2024-11-10,Local,8035.2804725542655
2024-11-10,System,2.47416687
2024-11-11,Local,735.487802317207
2024-11-12,Local,6307.899907710961
2024-11-12,System,4.444165548333334
2024-11-13,Local,973.3486077142888
2024-11-13,System,0.7125000383333333
2024-11-14,Local,4557.907325467935
2024-11-14,System,0.3333333525
2024-11-15,Local,12458.561642371862
2024-11-16,Local,21536.29495329321
2024-11-16,System,4.0331084725
2024-11-17,Local,12115.804851889585
2024-11-17,System,0.12500001916666664
2024-11-18,Local,16167.217076332976
2024-11-18,System,6.975000153333333
2024-11-19,Local,7250.4785573693
2024-11-19,System,1.1066669716666666
2024-11-20,Local,1411.9677614368156
2024-11-20,System,3.1127936316666664
2024-11-21,Local,417.5364274068839
2024-11-21,System,2.480000115
2024-11-22,Local,1127.9625990240593
2024-11-23,Local,23.23404570724786
2024-11-24,Local,2926.909673303603
2024-11-24,System,4.361702328994367
2024-11-25,Local,19.211194014573277
2024-11-26,Local,0.7049999233333333
2024-11-26,System,1.692499923333333
2024-11-27,Local,95.74623603456303
2024-11-27,System,6.518816447499997
2024-11-28,Local,230.96865013837166
2024-11-29,Local,4.825548684166666
2024-11-29,System,13.605760190833333
2024-11-30,Local,5.802462877777746
2024-11-30,System,4.055982933333333
2024-12-01,Local,112.18531424239293
2024-12-01,System,0.34749989833333333
2024-12-02,Local,186.09616383826972
2024-12-02,System,0.13916679416666583
2024-12-03,Local,20.11004739807207
2024-12-03,System,0.21499988583333332
2024-12-04,Local,173.44868760819898
2024-12-05,Local,157.8377312823727
2024-12-05,System,1.2689709486111092
2024-12-06,Local,12.439661749999996
2024-12-06,System,0.2802502291666658
2024-12-07,Local,30.542778463888908
2024-12-07,System,2.8218264816666663
2024-12-08,Local,128.53693516737053
2024-12-08,System,6.109682827079725
2024-12-09,Local,79.54852823548775
2024-12-10,Local,3882.1879706433574
2024-12-11,Local,37.39827232083333
2024-12-11,System,37.415250074166664
2024-12-12,Local,59.48860694232191
2024-12-12,System,21.319999414166663
2024-12-13,Local,147.34024668256924
2024-12-13,System,3.0099997399999996
2024-12-14,Local,35.686135414166664
2024-12-14,System,18.692916413333332
2024-12-15,Local,7201.069995729134
2024-12-15,System,1.2233334608333333
2024-12-16,Local,39.81690198855483
2024-12-16,System,28.772249048333325
2024-12-17,Local,129.13522948666449
2024-12-17,System,54.50202637166666
2024-12-18,Local,407.58421566398493
2024-12-18,System,30.732467161666662
2024-12-19,Local,13.359583688333332
2024-12-19,System,29.608608041666663
2024-12-20,Local,330.460505711853
2024-12-20,System,40.387083829999995
2024-12-21,Local,23.246907335695198
2024-12-21,System,1.4699999933333332
2024-12-22,Local,0.563333295
2024-12-22,System,9.487584071666664
2024-12-23,Local,18.325333970833327
2024-12-23,System,21.260084544166663
2024-12-24,Local,20.652582991666666
2024-12-24,System,37.80561171916666
2024-12-25,Local,34.308441073307705
2024-12-25,System,28.21041631
2024-12-26,Local,126.62789036371859
2024-12-26,System,149.7495283049415
2024-12-27,Local,1110.4665249901568
2024-12-27,System,0.1933333075
2024-12-28,Local,1.7490834858333317
2024-12-28,System,25.911666105833326
2024-12-29,Local,148.11472317031593
2024-12-29,System,2.5908332316666662
2024-12-30,Local,153.24806437868483
2024-12-30,System,753.4150675116406
2024-12-31,Local,431.48575117334605
2024-12-31,System,5.543106822500059
2025-01-01,Local,2275.4227735874842
2025-01-02,Local,1662.7334701476216
2025-01-02,System,2.804206315000029
2025-01-03,Local,23.189970581666508
2025-01-03,System,8.963333561666666
2025-01-04,Local,2235.967540376584
2025-01-04,System,1.9312499875000333
2025-01-05,Local,270.7150147713554
2025-01-05,System,12.997000190833333
2025-01-06,Local,1069.0674902970504
2025-01-06,System,16.40283287583333
2025-01-07,Local,728.1640828373049
2025-01-07,System,1.346666593333333
2025-01-08,Local,92.76842446070263
2025-01-08,System,2.8816668191666666
2025-01-09,Local,3867.9483342369977
2025-01-09,System,2.6719732949999497
2025-01-10,Local,3448.277554389653
2025-01-10,System,3.9761665875
2025-01-11,Local,6310.805555065824
2025-01-11,System,4267.208990144355
2025-01-12,Local,2098.664142664621
2025-01-12,System,0.28839999999999916
2025-01-13,Local,1915.219031011586
2025-01-13,System,0.6745031208333333
2025-01-14,Local,4511.34075110406
2025-01-14,System,1.1463333583333333
2025-01-15,Local,6850.697991334236
2025-01-15,System,1.2944762099999998
2025-01-16,Local,818.5131407898523
2025-01-16,System,3.909901115833333
2025-01-17,Local,15212.596741936708
2025-01-17,System,613.1237457333469
2025-01-18,Local,2323.6832195176294
2025-01-18,System,225.22271324443926
2025-01-19,Local,1179.1055248967702
2025-01-19,System,26.09171779333333
2025-01-20,Local,838.7077318113041
2025-01-20,System,41.855726850555556
2025-01-21,Local,4743.781865293579
2025-01-21,System,3.243332615000075
2025-01-22,Local,521.7648866650158
2025-01-22,System,39.285695186500064
2025-01-23,Local,6904.081139164706
2025-01-23,System,72.11237844951273
2025-01-24,Local,3674.1480230608468
2025-01-24,System,32.287089865000354
2025-01-25,Local,773.4562173192429
2025-01-25,System,15.246082950833332
2025-01-26,Local,484.5394674333621
2025-01-26,System,71.47600825472185
2025-01-27,Local,1211.744885470322
2025-01-27,System,24.412499891666684
2025-01-28,Local,4840.603018058476
2025-01-28,System,5.825833592500029
2025-01-29,Local,11629.980412153278
2025-01-29,System,0.10358347333333334
2025-01-30,Local,13600.32913048591
2025-01-30,System,3.554585829999991
2025-01-31,Local,3341.4866880197633
2025-01-31,System,5.130014901666666
2025-02-01,Local,11077.30504733868
2025-02-01,System,10.633333816666667
2025-02-02,Local,35493.636124089535
2025-02-02,System,42.52300910797316
2025-02-03,Local,4284.703120698404
2025-02-03,System,2.3435835624999983
2025-02-04,Local,13557.57487397505
2025-02-04,System,26.77463005447183
2025-02-05,Local,11695.611820878283
2025-02-05,System,3655.152194073719
2025-02-06,Local,5001.082643924381
2025-02-06,System,26.634290426666666
2025-02-07,Local,878.3297681777926
2025-02-07,System,13.99416795
2025-02-08,Local,25071.288730902423
2025-02-08,System,1445.3737702344526
2025-02-09,Local,9758.315370069065
2025-02-09,System,6.421258110555441
2025-02-10,Local,11092.266499697784
2025-02-10,System,12.382332722500097
2025-02-11,Local,14441.765146857515
2025-02-11,System,3.438333613333333
2025-02-12,Local,518.7534149916469
2025-02-12,System,18.506486679999462
2025-02-13,Local,144.20610064784114
2025-02-13,System,3.875832875833333
2025-02-14,Local,11575.267768538532
2025-02-14,System,7.4208207525001075
2025-02-15,Local,25210.33792268682
2025-02-16,Local,8510.264033710931
2025-02-16,System,135.63420104166667
2025-02-17,Local,16327.451530574941
2025-02-17,System,4.207220488333017
2025-02-18,Local,23212.88318316355
2025-02-18,System,0.3558333716666666
2025-02-19,Local,9604.842597353263
2025-02-19,System,25.306000136666775
2025-02-20,Local,16267.060690345706
2025-02-20,System,952.9537000248166
2025-02-21,Local,15697.20848500426
2025-02-21,System,179.52087654698084
2025-02-22,Local,39125.31380271893
2025-02-22,System,2882.6803080288496
2025-02-23,Local,52506.804729442854
2025-02-23,System,7.999398795833333
2025-02-24,Local,32622.83773280516
2025-02-24,System,1.0562055716666667
2025-02-25,Local,25280.61513546345
2025-02-25,System,9535.559237062309
2025-02-26,Local,27352.49767550412
2025-02-26,System,68.49837008551197
2025-02-27,Local,12974.083708165253
2025-02-27,System,24.514305549459706
2025-02-28,Local,1217.1441365937396
2025-02-28,System,35.716169866666704
2025-03-01,Local,11295.470768201618
2025-03-01,System,33.792499622499996
2025-03-02,Local,17784.86898376271
2025-03-02,System,1444.7397247179056
2025-03-03,Local,7878.32082949415
2025-03-03,System,3377.3465483285545
2025-03-04,Local,26867.122266917944
2025-03-04,System,2222.949410001326
2025-03-05,Local,3.6844152394939496
2025-03-06,Local,7169.4234296943005
2025-03-06,System,35.50650412833334
2025-03-07,Local,6935.269398437316
2025-03-07,System,1620.5500884265275
2025-03-08,Local,24308.322280027172
2025-03-08,System,24033.465885740832
2025-03-09,Local,16384.820523693834
2025-03-09,System,39934.409335713055
2025-03-10,Local,41128.508437618475
2025-03-10,System,0.11916667083333334
2025-03-11,Local,1559.5039919698547
2025-03-12,Local,6815.238408561064
2025-03-12,System,15.795461818333388
2025-03-13,Local,1906.9652955360218
2025-03-13,System,573.3405553815962
2025-03-14,Local,483.2125607147887
2025-03-14,System,2.7599992358333334
2025-03-15,Local,59316.452329871194
2025-03-15,System,85.1411269071665
2025-03-16,Local,37177.005199587235
2025-03-16,System,80.05578027705275
2025-03-17,Local,9449.7303084682
2025-03-17,System,128.77131476749997
2025-03-18,Local,61626.907094812035
2025-03-18,System,1519.4549309883948
2025-03-19,Local,57603.56177461135
2025-03-19,System,52.40366747
2025-03-20,Local,25820.897918631606
2025-03-20,System,31071.368910215802
2025-03-21,Local,35247.534345910324
2025-03-21,System,9878.158674530056
2025-03-22,Local,35277.80413918954
2025-03-22,System,8270.132378753678
2025-03-23,Local,14169.058207830978
2025-03-23,System,35935.65521216225
2025-03-24,Local,31271.242373402984
2025-03-24,System,3749.565227160045
2025-03-25,Local,11692.493223197958
2025-03-25,System,56.76852939394203
2025-03-26,Local,2709.301653539795
2025-03-26,System,1319.922623901795
2025-03-27,Local,6054.071855560903
2025-03-27,System,25592.949015947328
2025-03-28,Local,700.0368647678639
2025-03-28,System,15883.064792241341
2025-03-29,Local,7865.338584260728
2025-03-29,System,50195.89167224576
2025-03-30,Local,4733.228422839397
2025-03-30,System,28146.853281626274
2025-03-31,Local,368.99907527584014
2025-03-31,System,311.51842742682464
